<?xml version="1.0"?>
<!--
  ~   Copyright (c) 2004-2006, Novascope S.A. and the JOSSO team
  ~    All rights reserved.
  ~    Redistribution and use in source and binary forms, with or
  ~    without modification, are permitted provided that the following
  ~    conditions are met:
  ~
  ~    * Redistributions of source code must retain the above copyright
  ~      notice, this list of conditions and the following disclaimer.
  ~
  ~    * Redistributions in binary form must reproduce the above copyright
  ~      notice, this list of conditions and the following disclaimer in
  ~      the documentation and/or other materials provided with the
  ~      distribution.
  ~
  ~    * Neither the name of the JOSSO team nor the names of its
  ~      contributors may be used to endorse or promote products derived
  ~      from this software without specific prior written permission.
  ~
  ~    THIS SOFTWARE IS PROVIDED BY THE COPYRIGHT HOLDERS AND
  ~    CONTRIBUTORS "AS IS" AND ANY EXPRESS OR IMPLIED WARRANTIES,
  ~    INCLUDING, BUT NOT LIMITED TO, THE IMPLIED WARRANTIES OF
  ~    MERCHANTABILITY AND FITNESS FOR A PARTICULAR PURPOSE ARE
  ~    DISCLAIMED. IN NO EVENT SHALL THE COPYRIGHT OWNER OR CONTRIBUTORS
  ~    BE LIABLE FOR ANY DIRECT, INDIRECT, INCIDENTAL, SPECIAL,
  ~    EXEMPLARY, OR CONSEQUENTIAL DAMAGES (INCLUDING, BUT NOT LIMITED
  ~    TO, PROCUREMENT OF SUBSTITUTE GOODS OR SERVICES; LOSS OF USE,
  ~    DATA, OR PROFITS; OR BUSINESS INTERRUPTION) HOWEVER CAUSED AND ON
  ~    ANY THEORY OF LIABILITY, WHETHER IN CONTRACT, STRICT LIABILITY,
  ~    OR TORT (INCLUDING NEGLIGENCE OR OTHERWISE) ARISING IN ANY WAY
  ~    OUT OF THE USE OF THIS SOFTWARE, EVEN IF ADVISED OF THE
  ~    POSSIBILITY OF SUCH DAMAGE.
  -->
<!DOCTYPE status [
<!ELEMENT status (developers, contributors, todo, changes)>
<!ELEMENT contributors (person+)>
<!ELEMENT developers (person+)>
<!ELEMENT person EMPTY>
<!ATTLIST person
	name CDATA #REQUIRED
	email CDATA #REQUIRED
	id CDATA #REQUIRED
>
<!ELEMENT todo (actions+)>
<!ELEMENT actions (action+)>
<!ATTLIST actions
	priority (high | medium | low) #REQUIRED
>
<!ELEMENT changes (release+)>
<!ELEMENT release (action+)>
<!ATTLIST release
	version CDATA #REQUIRED
	date CDATA #REQUIRED
>
<!ELEMENT action (#PCDATA | link | br | code | ul)*>
<!ATTLIST action
	context (build | code | docs) #IMPLIED
	assigned-to CDATA #IMPLIED
	dev CDATA #IMPLIED
	type (add | fix | remove | update) #IMPLIED
	fixes-bug CDATA #IMPLIED
	due-to CDATA #IMPLIED
	due-to-email CDATA #IMPLIED
>
<!ELEMENT code (#PCDATA)>
<!ELEMENT br EMPTY>
<!ELEMENT link (#PCDATA)>
<!ATTLIST link
	href CDATA #REQUIRED
>
<!ELEMENT ul (li)+>
<!ELEMENT li (#PCDATA | link | br | code | ul)*>
<!ENTITY eacute           "&#x000E9;">
<!ENTITY ouml             "&#x000F6;">
<!ENTITY uuml             "&#x000FC;">
]>

<status>

    <developers>
        <!-- in strict alphabetical order -->
        <person name="Gianluca Brigandi" email="gbrigand@josso.org" id="GB"/>
        <person name="Sebastian Gonzalez Oyuela" email="sgonzalez@josso.org" id="SGO"/>
    </developers>
    
    <contributors>
        <!-- in strict alphabetical order -->
        <person name="Jasper Rosenberg" email="" id="JR"/>
        <person name="Jeff Gutierrez" email="" id="JG"/>
        <person name="Kurt Stam" email="" id="KS"/>
    </contributors>

    <todo>
        <actions priority="high">
            <action context="code" dev="[DONE]">
                Add support for Strong Authentication using X.509 Certificates.
            </action>
            <action context="code" dev="[DONE]">
                Implement client API for PHP. This will allow to build SSO-enabled PHP applications.
            </action>
            <action context="code" dev="[DONE]">
                Improve and automate the user authentication flow.
            </action>
            <action context="code" dev="[DONE]">
                Add support for XML Identity and Credential Stores.
            </action>
            <action context="code" dev="[DONE]">
                Add support for LDAP Identity and Credential Stores.
            </action>
            <action context="code" dev="[DONE]">
                Make the SSO Agent Valve be associated to a virtual host, instead of a
                web context.
            </action>
        </actions>
        <actions priority="medium">
            <action context="code" dev="[DONE]">
                Add support for enabling JOSSO in JBoss 3.2.x application server.
            </action>
            <action context="code" dev="[PENDING]">
                Implement an ACL framework to integrate authorization functionality in JOSSO.
            </action>
            <action context="code" dev="[PENDING]">
                Integrate auditing functionality to trace SSO-specific activity.
            </action>
        </actions>
        <actions priority="low">
            <action context="code" dev="[PENDING]">
                Add support for Kerberos authentication.
            </action>
            <action context="docs" dev="[PENDING]">
                Create a guide on how to develop custom Authentication schemes, Stores, etc. .
            </action>
            <action context="docs" dev="[PENDING]">
                Create a FAQ.
            </action>
            <action context="code" dev="[PENDING]">
                Implement a web-based administration console.
            </action>
            <action context="code" dev="[PENDING]">
                Add Hessian protocol support.
            </action>
        </actions>

        <!-- Add todo items. @context is an arbitrary string. Eg:
        <actions priority="high">
          <action context="code" dev="SN">
          </action>
        </actions>
        <actions priority="medium">
          <action context="docs" dev="open">
          </action>
        </actions>
        -->
    </todo>

    <changes>
        <!-- Add new releases here -->
        <release version="0.1" date="unreleased">
            <!-- Some action types have associated images. By default, images are
            defined for 'add', 'fix', 'remove', 'update' and 'hack'. If you add
            src/documentation/resources/images/<foo>.jpg images, these will
            automatically be used for entries of type <foo>. -->

            <action dev="SGO" type="add" context="docs">
                Initial site generation
            </action>
            <!-- Sample action:
            <action dev="JB" type="fix" due-to="Joe Contributor"
                due-to-email="joec@apache.org" fixes-bug="123">
                Fixed a bug in the Foo class.
              </action>
              -->
        </release>
    </changes>

</status>

