<?xml version="1.0"?>
<!--
  ~   Copyright (c) 2004-2006, Novascope S.A. and the JOSSO team
  ~    All rights reserved.
  ~    Redistribution and use in source and binary forms, with or
  ~    without modification, are permitted provided that the following
  ~    conditions are met:
  ~
  ~    * Redistributions of source code must retain the above copyright
  ~      notice, this list of conditions and the following disclaimer.
  ~
  ~    * Redistributions in binary form must reproduce the above copyright
  ~      notice, this list of conditions and the following disclaimer in
  ~      the documentation and/or other materials provided with the
  ~      distribution.
  ~
  ~    * Neither the name of the JOSSO team nor the names of its
  ~      contributors may be used to endorse or promote products derived
  ~      from this software without specific prior written permission.
  ~
  ~    THIS SOFTWARE IS PROVIDED BY THE COPYRIGHT HOLDERS AND
  ~    CONTRIBUTORS "AS IS" AND ANY EXPRESS OR IMPLIED WARRANTIES,
  ~    INCLUDING, BUT NOT LIMITED TO, THE IMPLIED WARRANTIES OF
  ~    MERCHANTABILITY AND FITNESS FOR A PARTICULAR PURPOSE ARE
  ~    DISCLAIMED. IN NO EVENT SHALL THE COPYRIGHT OWNER OR CONTRIBUTORS
  ~    BE LIABLE FOR ANY DIRECT, INDIRECT, INCIDENTAL, SPECIAL,
  ~    EXEMPLARY, OR CONSEQUENTIAL DAMAGES (INCLUDING, BUT NOT LIMITED
  ~    TO, PROCUREMENT OF SUBSTITUTE GOODS OR SERVICES; LOSS OF USE,
  ~    DATA, OR PROFITS; OR BUSINESS INTERRUPTION) HOWEVER CAUSED AND ON
  ~    ANY THEORY OF LIABILITY, WHETHER IN CONTRACT, STRICT LIABILITY,
  ~    OR TORT (INCLUDING NEGLIGENCE OR OTHERWISE) ARISING IN ANY WAY
  ~    OUT OF THE USE OF THIS SOFTWARE, EVEN IF ADVISED OF THE
  ~    POSSIBILITY OF SUCH DAMAGE.
  -->

<mbeans-descriptors>

    <!-- SSO Session Manager MBean definition -->
    <mbean name="JDBCSessionStore"
           className="org.josso.util.mbeans.JOSSOBaseMBean"
           description="This is a memory based store that uses a Map"
           domain="josso"
           group="SessionStore"
           type="org.josso.gateway.session.service.store.db.JdbcSessionStore">

        <attribute name="className"
                   description="Fully qualified class name of the managed object"
                   type="java.lang.String"
                   writeable="false"/>

        <attribute name="size"
                   description="Number of Sessions present in this Store."
                   type="int"
                   writeable="false"/>

        <!-- Specific to DB/DataSource store -->

        <attribute name="driverName"
                   description="The JDBC driver FQCN"
                   type="java.lang.String"
                   writeable="true"/>

        <attribute name="connectionName"
                   description="The connection username"
                   type="java.lang.String"
                   writeable="true"/>

        <attribute name="connectionURL"
                   description="The JDBC connection URL"
                   type="java.lang.String"
                   writeable="true"/>
        

        <attribute name="sizeQuery"
                   description="The SQL query used to retrieve the number of sessions in the store.  The first column of the first row in the result set must be the number of sessions."
                   type="java.lang.String"
                   writeable="true"/>

        <attribute name="keysQuery"
                   description="The SQL Query used to retrieve all session ids. The first column for each row in the result set must be the session id."
                   type="java.lang.String"
                   writeable="true"/>

        <attribute name="loadAllQuery"
                   description="The SQL Query used to load all sessions from the store. The columns in the result set must be in the following order : sessionId, userName, creationTime, lastAccessTime, accessCount, maxInactiveInterval, valid"
                   type="java.lang.String"
                   writeable="true"/>

        <attribute name="loadQuery"
                   description="The SQL Query used to load one session from the store based on its id.  The columns in the result set must be in the following order : sessionId, userName, creationTime, lastAccessTime, accessCount, maxInactiveInterval, valid"
                   type="java.lang.String"
                   writeable="true"/>

        <attribute name="loadByUserNameQuery"
                   description="The SQL Query used to load all sessions associated to a given user.  The columns in the result set must be in the following order : sessionId, userName, creationTime, lastAccessTime, accessCount, maxInactiveInterval, valid"
                   type="java.lang.String"
                   writeable="true"/>

        <attribute name="loadByLastAccessTimeQuery"
                   description="The SQL Query used to load all sessions last accessed before the given date.  The columns in the result set must be in the following order : sessionId, userName, creationTime, lastAccessTime, accessCount, maxInactiveInterval, valid"
                   type="java.lang.String"
                   writeable="true"/>

        <attribute name="loadByValidQuery"
                   description="The SQL Query used to load all sessions whose valid property is equals to the given argument.  The columns in the result set must be in the following order : sessionId, userName, creationTime, lastAccessTime, accessCount, maxInactiveInterval, valid"
                   type="java.lang.String"
                   writeable="true"/>


        <attribute name="deleteDml"
                   description="The SQL Query used to remove a session from the store."
                   type="java.lang.String"
                   writeable="true"/>

        <attribute name="deleteAllDml"
                   description="The SQL Query used to remove ALL sessions from the store."
                   type="java.lang.String"
                   writeable="true"/>

        <attribute name="insertDml"
                   description="The SQL Query used to add a new session to the store."
                   type="java.lang.String"
                   writeable="true"/>

    </mbean>

    <mbean name="DataSourceSessionStore"
           className="org.josso.util.mbeans.JOSSOBaseMBean"
           description="This is a memory based store that uses a Map"
           domain="josso"
           group="SessionStore"
           type="org.josso.gateway.session.service.store.db.DataSourceSessionStore">

        <attribute name="className"
                   description="Fully qualified class name of the managed object"
                   type="java.lang.String"
                   writeable="false"/>

        <attribute name="size"
                   description="Number of Sessions present in this Store."
                   type="int"
                   writeable="false"/>

        <!-- Specific to DB/DataSource store -->

        <attribute name="dsJndiName"
                   description="The JNDI Name of the datasource used by this store."
                   type="java.lang.String"
                   writeable="true"/>

        <attribute name="sizeQuery"
                   description="The SQL query used to retrieve the number of sessions in the store.  The first column of the first row in the result set must be the number of sessions."
                   type="java.lang.String"
                   writeable="true"/>

        <attribute name="keysQuery"
                   description="The SQL Query used to retrieve all session ids. The first column for each row in the result set must be the session id."
                   type="java.lang.String"
                   writeable="true"/>

        <attribute name="loadAllQuery"
                   description="The SQL Query used to load all sessions from the store. The columns in the result set must be in the following order : sessionId, userName, creationTime, lastAccessTime, accessCount, maxInactiveInterval, valid"
                   type="java.lang.String"
                   writeable="true"/>

        <attribute name="loadQuery"
                   description="The SQL Query used to load one session from the store based on its id.  The columns in the result set must be in the following order : sessionId, userName, creationTime, lastAccessTime, accessCount, maxInactiveInterval, valid"
                   type="java.lang.String"
                   writeable="true"/>

        <attribute name="loadByUserNameQuery"
                   description="The SQL Query used to load all sessions associated to a given user.  The columns in the result set must be in the following order : sessionId, userName, creationTime, lastAccessTime, accessCount, maxInactiveInterval, valid"
                   type="java.lang.String"
                   writeable="true"/>

        <attribute name="loadByLastAccessTimeQuery"
                   description="The SQL Query used to load all sessions last accessed before the given date.  The columns in the result set must be in the following order : sessionId, userName, creationTime, lastAccessTime, accessCount, maxInactiveInterval, valid"
                   type="java.lang.String"
                   writeable="true"/>

        <attribute name="deleteDml"
                   description="The SQL Query used to remove a session from the store."
                   type="java.lang.String"
                   writeable="true"/>

        <attribute name="deleteAllDml"
                   description="The SQL Query used to remove ALL sessions from the store."
                   type="java.lang.String"
                   writeable="true"/>

        <attribute name="insertDml"
                   description="The SQL Query used to add a new session to the store."
                   type="java.lang.String"
                   writeable="true"/>


    </mbean>


</mbeans-descriptors>