<?xml version="1.0"?>
<!--
  ~   Copyright (c) 2004-2006, Novascope S.A. and the JOSSO team
  ~    All rights reserved.
  ~    Redistribution and use in source and binary forms, with or
  ~    without modification, are permitted provided that the following
  ~    conditions are met:
  ~
  ~    * Redistributions of source code must retain the above copyright
  ~      notice, this list of conditions and the following disclaimer.
  ~
  ~    * Redistributions in binary form must reproduce the above copyright
  ~      notice, this list of conditions and the following disclaimer in
  ~      the documentation and/or other materials provided with the
  ~      distribution.
  ~
  ~    * Neither the name of the JOSSO team nor the names of its
  ~      contributors may be used to endorse or promote products derived
  ~      from this software without specific prior written permission.
  ~
  ~    THIS SOFTWARE IS PROVIDED BY THE COPYRIGHT HOLDERS AND
  ~    CONTRIBUTORS "AS IS" AND ANY EXPRESS OR IMPLIED WARRANTIES,
  ~    INCLUDING, BUT NOT LIMITED TO, THE IMPLIED WARRANTIES OF
  ~    MERCHANTABILITY AND FITNESS FOR A PARTICULAR PURPOSE ARE
  ~    DISCLAIMED. IN NO EVENT SHALL THE COPYRIGHT OWNER OR CONTRIBUTORS
  ~    BE LIABLE FOR ANY DIRECT, INDIRECT, INCIDENTAL, SPECIAL,
  ~    EXEMPLARY, OR CONSEQUENTIAL DAMAGES (INCLUDING, BUT NOT LIMITED
  ~    TO, PROCUREMENT OF SUBSTITUTE GOODS OR SERVICES; LOSS OF USE,
  ~    DATA, OR PROFITS; OR BUSINESS INTERRUPTION) HOWEVER CAUSED AND ON
  ~    ANY THEORY OF LIABILITY, WHETHER IN CONTRACT, STRICT LIABILITY,
  ~    OR TORT (INCLUDING NEGLIGENCE OR OTHERWISE) ARISING IN ANY WAY
  ~    OUT OF THE USE OF THIS SOFTWARE, EVEN IF ADVISED OF THE
  ~    POSSIBILITY OF SUCH DAMAGE.
  -->

<mbeans-descriptors>

    <!-- SSO Session Manager MBean definition -->
    <mbean name="SSOSessionManagerImpl"
        className="org.josso.util.mbeans.JOSSOBaseMBean"
        description="SSO Session Manager default implementation"
        domain="josso"
        group="SSOSessionManager"
        type="org.josso.gateway.session.service.SSOSessionManagerImpl">

        <attribute name="className"
            description="Fully qualified class name of the managed object"
            type="java.lang.String"
            writeable="false"/>

        <attribute name="sessionMonitorInterval"
            description="Time interval, in milliseconds, between exired sessions cleanup."
            type="long"
            writeable="true"/>

        <attribute name="maxSessionsPerUser"
            description="Max number of sessions per user, default 1.  A negative value indicates that an unlimited number of sessions per user is allowed."
            type="int"
            writeable="true"/>

        <attribute name="invalidateExceedingSessions"
            description="If true, when the max number of sessions per user is exceeded, an already existing session will be invalidated to create a new one. If false, when the max number of sessions per user is exceeded, an exception is thrown and the new session is not created."
            type="boolean"
            writeable="true"/>

        <attribute name="maxInactiveInterval"
            description="Set the maximum time interval, in minutes, between client requests before the SSO Service will invalidate the session. A negative time indicates that the session should never time out."
            type="int"
            writeable="true"/>

        <attribute name="sessionCount"
            description="Number of sessions registered in the manager."
            type="int"
            writeable="false"/>

        <operation name="getUserSessions"
            description="Lists all SSO sessions related to a user"
            impact="INFO"
            returnType="java.util.Collection">
            <parameter name="username"
                description="SSO username"
                type="java.lang.String"/>
        </operation>
        
        <operation name="invalidateAll"
            description="Invalidate all open SSO sessions"
            impact="ACTION"
            returnType="void" />

        <operation name="invalidate"
            description="Invalidate SSO session whose id is specified"
            impact="ACTION"
            returnType="void">
            <parameter name="sessionId"
                description="SSO Session Id"
                type="java.lang.String"/>
        </operation>

        <operation name="checkValidSessions" description="Force a check to detectec expired SSO sessions" impact="ACTION" returnType="void" />

    </mbean>
    
    <mbean name="SSOSessionIdGeneratorImpl"
        className="org.josso.util.mbeans.JOSSOBaseMBean"
        description="session id generatod based on Jakarta Tomcat 5.0 session id generation. This implementation is thread safe."
        domain="josso"
        group="SSOSessionIdGenerator"
        type="org.josso.gateway.session.service.SessionIdGeneratorImpl">

        <attribute name="className"
            description="Fully qualified class name of the managed object"
            type="java.lang.String"
            writeable="false"/>

        <attribute name="algorithm"
            description="The message digest algorithm for the id generator."
            type="java.lang.String"
            writeable="true"/>

        <attribute name="entropy"
            description="The entropy increaser value."
            type="java.lang.String"
            writeable="true"/>

        <attribute name="sessionIdLength"
            description="The session id length (in bytes) for Sessions created by this Generator"
            type="java.lang.String"
            writeable="true"/>

        <attribute name="randomClass"
            description=""
            type="java.lang.String"
            writeable="true"/>

    </mbean>
    

</mbeans-descriptors>