<?xml version='1.0' encoding='ISO-8859-1'?>
<!--
  ~   Copyright (c) 2004-2006, Novascope S.A. and the JOSSO team
  ~    All rights reserved.
  ~    Redistribution and use in source and binary forms, with or
  ~    without modification, are permitted provided that the following
  ~    conditions are met:
  ~
  ~    * Redistributions of source code must retain the above copyright
  ~      notice, this list of conditions and the following disclaimer.
  ~
  ~    * Redistributions in binary form must reproduce the above copyright
  ~      notice, this list of conditions and the following disclaimer in
  ~      the documentation and/or other materials provided with the
  ~      distribution.
  ~
  ~    * Neither the name of the JOSSO team nor the names of its
  ~      contributors may be used to endorse or promote products derived
  ~      from this software without specific prior written permission.
  ~
  ~    THIS SOFTWARE IS PROVIDED BY THE COPYRIGHT HOLDERS AND
  ~    CONTRIBUTORS "AS IS" AND ANY EXPRESS OR IMPLIED WARRANTIES,
  ~    INCLUDING, BUT NOT LIMITED TO, THE IMPLIED WARRANTIES OF
  ~    MERCHANTABILITY AND FITNESS FOR A PARTICULAR PURPOSE ARE
  ~    DISCLAIMED. IN NO EVENT SHALL THE COPYRIGHT OWNER OR CONTRIBUTORS
  ~    BE LIABLE FOR ANY DIRECT, INDIRECT, INCIDENTAL, SPECIAL,
  ~    EXEMPLARY, OR CONSEQUENTIAL DAMAGES (INCLUDING, BUT NOT LIMITED
  ~    TO, PROCUREMENT OF SUBSTITUTE GOODS OR SERVICES; LOSS OF USE,
  ~    DATA, OR PROFITS; OR BUSINESS INTERRUPTION) HOWEVER CAUSED AND ON
  ~    ANY THEORY OF LIABILITY, WHETHER IN CONTRACT, STRICT LIABILITY,
  ~    OR TORT (INCLUDING NEGLIGENCE OR OTHERWISE) ARISING IN ANY WAY
  ~    OUT OF THE USE OF THIS SOFTWARE, EVEN IF ADVISED OF THE
  ~    POSSIBILITY OF SUCH DAMAGE.
  -->
<!DOCTYPE document PUBLIC "-//APACHE//DTD Documentation V1.0//EN" "document-v10.dtd">
<document>
    <header>
        <title>HOW-TO: Installing JOSSO for Microsoft ASP</title>
        <authors>
            <person name="Sebastian Gonzalez Oyuela" email="sgonzalez@josso.org"/>
            <person name="Gianluca Brigandi" email="gbrigand@josso.org"/>
        </authors>
    </header>
    <body>
        <s1 title="Prerequisites">
            <s2 title="Install and Configure JOSSO">
                <p>
                    Before starting to enable ASP support, you must first build and configure JOSSO following
                    your platform specific setup How-TO.
                </p>
                <p>
                    Also, test that the JOSSO web application is accessible using the default basic authentication
                    scheme as explained in the Running section of the setup guide.
                </p>
            </s2>
            <s2 title="Install the JRE 1.4.2">
                <p>
                    Download the JRE 1.4.2 from <link href="ext:jdk">here</link> and
                    install it on the IIS server, assigning the JRE_HOME environment variable
                    to the corresponding installation directory :
                </p>
                <source>
    $ set JRE_HOME=C:\Program Files\Java\jre1.4.2_06
                </source>
            </s2>
            <s2 title="Availability of an Internet Information Server (IIS) environment">
                <p>
                    In this tutorial we'll deploy and run the sample ASP applications on IIS, which is found in
                    Windows NT and Windows 2000 Servers.
                </p>
            </s2>
          </s1>
        <s1 title="Introduction">
            <p>
                To integrate a Microsoft ASP application with JOSSO, an N-Tier configuration can be implemented.
                In such configuration, JOSSO can work using two different strategies: using a Reverse Proxy or using
                Domain-wide SSO Session Tokens.
            </p>
            <p>
                If case the first one is selected, a Reverse Proxy should be put in front of partner ASP applications,
                in order for every incoming HTTP requests to be proxied to the corresponding ASP page.
            </p>
            <p>
                A simpler option is to use domain-wide SSO Session tokens, which mainly makes the
                HTTP cookie holding the SSO Session, valid for a whole DNS domain (e.g. example.com) instead of a
                single host.
            </p>
            <p>
                In this HOW-TO we'll describe the integration of Microsft ASP applications in N-Tier mode using domain
                domain-wide SSO Session tokens.
            </p>
        </s1>

        <s1 title="Configuring">
            <s2 title="DNS">
                <p>
                JOSSO uses a session HTTP cookie to keep track of the SSO session identifier.  This cookie lives as long
                as the browser window is open, being sent only in requests associated with the domain that generated it.
                This means that all JOSSO partner applications must be accessed using the same domain.
                </p>
                <p>
                The first thing to do then is making sure that the host which is running IIS has the same domain
                extension as the host where JOSSO resides.
                </p>
                <p>
                This means that if JOSSO is running on a host named <strong>sso.example.com</strong>, the IIS server
                must be running on a host whose FQDN has <strong>example.com</strong> as the domain extension.
                (e.g. partnerapp.example.com). This way, the SSO Session token (cookie) associated with the
                <strong>example.com</strong> domain can reach the ASP partner applications, allowing the Single Sign-On
                session to be validated against the Gateway.
                </p>
            </s2>
            <s2 title="JOSSO Gateway">
                <p>
                Once a common domain for the JOSSO and Partner Application hosts is established, the next thing to
                do is telling Gateway which is the domain (e.g. example.com) that will be associated to Sigle Sign-On
                sessions on user authentication.
                </p>
                <p>
                Edit the <strong>josso-gateway-config.xml</strong> file and add :
                </p>
                <source><![CDATA[
<domain>
...
  <session-token>
    <scope>.example.com</scope>
    <secure>false</secure>
  </session-token>
...
</domain>]]></source>
            <p>
            We are assuming the DNS domain used is 'example.com' .
            </p>
            </s2>
            <note>
                This steps are only needed if the ISS and JOSSO are not in the same host.
            </note>
            <s2 title="Installing the ASP Client Plugin">
                <p>
                The ASP integration is achieved through a Java Bean wrapped in an ActiveX component.
                If you want more information about this check
                <link href="http://java.sun.com/j2se/1.4.2/docs/guide/beans/axbridge/developerguide/">here</link>
                </p>
                <p>
                Create the location where the JOSSO Client ActiveX will reside :
                </p>
                <source>
  $ mkdir %JRE_HOME%\axbridge\

  $ mkdir %JRE_HOME%\axbridge\bin
                </source>
                <p>
                Now lets install and register the ASP Client Plugin ActiveX :
                </p>
                <source>
  $ copy %JOSSO_HOME%\src\plugins\microsoft\dist\JOSSOActiveX.dll %JRE_HOME%\axbridge\bin

  $ cd %JRE_HOME%\axbridge\bin

  $ regsvr32 JOSSOActiveX.dll
                </source>
                <p>
                If the operation is succesfull the ActiveX will be identified as :
                </p>
                <source>
  clsid={A9D9756E-DCC3-4566-AD99-4153C2C06BD8}

  progid=JOSSOActiveX.Bean.1
                </source>
            </s2>
            <s2 title="Enabling SSO in the ASP Partner Applications">
                <s3 title="Create a Virtual Directory">
                    <p>
                        Create a directory which will hold the ASP partner application :
                    </p>
                    <source>
  $ mkdir c:\inetpub\partnerapp
                    </source>
                    <p>
                        Next, run the Internet Services Manager administrative tool and add a virtual directory associated
                        to the directory we've just created.
                    </p>
                </s3>
                <s3 title="Install JOSSO ASP support files">
                    <p>
                        Create a dedicated area in the virtual directory and copy JOSSO ASP support files :
                    </p>
                    <source>
  $ mkdir c:\inetpub\partnerapp\josso

  $ copy %JOSSO_HOME%\src\microsoft\asp\josso\*.* c:\inetpub\partnerapp\josso
                    </source>
                </s3>
                <s3 title="Install the Sample Partner Application">
                    <p>
                    JOSSO comes with a sample ASP partner application which we'll use for testing :
                    </p>
                    <source>
  $ copy %JOSSO_HOME%\src\samples\microsoft\asp\*.* c:\Inetpub\partnerapp
                    </source>
                </s3>
                <s3 title="Configure the ASP client plugin">
                    <p>
                    The preferences for the ASP client plugin should be put in the global.asa file.
                    Lets have a look at a sample global.asa file :
                    </p>
                    <source><![CDATA[
<object runat="server" scope="application" id="josso" progid="JOSSOActiveX.Bean.1">
</object>

<!--METADATA TYPE="TypeLib"
uuid="{FA564C45-6AE6-4610-9C50-C5B2D37AD9BB}"
-->

<script language="vbscript" runat="server">

sub Application_OnStart

  ' JOSSO Gateway SOAP end point
  josso.setProperty "gwy.endpoint", "sso.example.com:8080"

  ' JOSSO Gateway Login/Logout urls
  josso.setProperty "gwy.login", "http://sso.example.com:8080/josso/signon/login.do"
  josso.setProperty "gwy.logout", "http://sso.example.com:8080/josso/signon/logout.do"

  ' Initialize josso object
  josso.init()
end sub
</script>]]></source>
                    <p>
                        Using this configuration you can set :
                    </p>
                    <ul>
                        <li>gwy.endpoint : contains the host and port information where the Single Sign-On WebServices
                        are listening.
                        </li>
                        <li>gwy.login : the gateway Login URL, where the SSO ASP Client will redirect the user on
                        protected resource access request so that he can authenticate.
                        </li>
                        <li>gwy.logout : the gateway Logout URL, where the SSO ASP Client will redirect the user on
                        logout request.
                        </li>
                    </ul>
                </s3>
            </s2>
        </s1>
        <s1 title="Testing it">
            <p>
            Lets invoke the protected page by contacting the
            <link href="http://partnerapp.example.com/partnerapp/sample-protected.asp">http://partnerapp.example.com/partnerapp/sample-protected.asp</link>
            URL, assuming that <strong>partnerapp</strong> is the IIS host where the ASP partner application resides.
            </p>
            <p>
            You should be redirected to the Login form on the JOSSO Gateway. After succesfully logging on using the account
            'user1/user1pwd' you should be redirected back to the requested ASP page which will display the
            authenticated user's information.
            </p>
            <p>
            Even if the ASP page is not protected but part of the SSO domain, it should notify keep-alive events to the
            Gateway in order to avoid the SSO session expiration. Check the 'sample-public.asp' page for more
            details.
            </p>
        </s1>
        <s1 title="Comments">
            <p>Care to comment on this How-To? Help keep this document relevant by passing along any constructive
               feedback to the <link href="mailto:docs@josso.org?subject=Developer-Howto:">josso-docs</link></p>
        </s1>
        <s1 title="Revisions">
            <p> </p>
            <p> </p>
        </s1>
    </body>
</document>