<?xml version='1.0' encoding='ISO-8859-1'?>
<!--
  ~   Copyright (c) 2004-2006, Novascope S.A. and the JOSSO team
  ~    All rights reserved.
  ~    Redistribution and use in source and binary forms, with or
  ~    without modification, are permitted provided that the following
  ~    conditions are met:
  ~
  ~    * Redistributions of source code must retain the above copyright
  ~      notice, this list of conditions and the following disclaimer.
  ~
  ~    * Redistributions in binary form must reproduce the above copyright
  ~      notice, this list of conditions and the following disclaimer in
  ~      the documentation and/or other materials provided with the
  ~      distribution.
  ~
  ~    * Neither the name of the JOSSO team nor the names of its
  ~      contributors may be used to endorse or promote products derived
  ~      from this software without specific prior written permission.
  ~
  ~    THIS SOFTWARE IS PROVIDED BY THE COPYRIGHT HOLDERS AND
  ~    CONTRIBUTORS "AS IS" AND ANY EXPRESS OR IMPLIED WARRANTIES,
  ~    INCLUDING, BUT NOT LIMITED TO, THE IMPLIED WARRANTIES OF
  ~    MERCHANTABILITY AND FITNESS FOR A PARTICULAR PURPOSE ARE
  ~    DISCLAIMED. IN NO EVENT SHALL THE COPYRIGHT OWNER OR CONTRIBUTORS
  ~    BE LIABLE FOR ANY DIRECT, INDIRECT, INCIDENTAL, SPECIAL,
  ~    EXEMPLARY, OR CONSEQUENTIAL DAMAGES (INCLUDING, BUT NOT LIMITED
  ~    TO, PROCUREMENT OF SUBSTITUTE GOODS OR SERVICES; LOSS OF USE,
  ~    DATA, OR PROFITS; OR BUSINESS INTERRUPTION) HOWEVER CAUSED AND ON
  ~    ANY THEORY OF LIABILITY, WHETHER IN CONTRACT, STRICT LIABILITY,
  ~    OR TORT (INCLUDING NEGLIGENCE OR OTHERWISE) ARISING IN ANY WAY
  ~    OUT OF THE USE OF THIS SOFTWARE, EVEN IF ADVISED OF THE
  ~    POSSIBILITY OF SUCH DAMAGE.
  -->
<!DOCTYPE document PUBLIC "-//APACHE//DTD Documentation V1.0//EN" "document-v10.dtd">
<document>
    <header>
        <title>HOW-TO: Configure JOSSO using a GUI</title>
        <authors>
            <person name="Sebastian Gonzalez Oyuela" email="sgonzalez@josso.org"/>
        </authors>
    </header>
    <body>
        
        <s1 title="Prerequistes">
            <p>The application used for configuring JOSSO in a user-friendly fashion through a graphical user interface is actually a JMX Management  Console capable of 
                altering manageable applications state and properties.</p>
            <p>The JMX Management console that will be considered in this technical guide is the  MC4J which can be downloaded from <link href="http://mc4j.sourceforge.net">here</link></p>
            
            <p>Once installed, an additional environment variable called MC4J_HOME must be set pointing to the location where the MC4J JMX Console resides.</p>
            <p>
                For Unix systems you can use :
            </p>
            
            <source>
                $ export MC4J_HOME="/usr/local/MC4J Console 1.2b9"
                $ export JOSSO_HOME=/usr/local/josso-1.4
            </source>
            <p>
                For Win32 systems you can use :
            </p>
            <source>
                set MC4J_HOME="C:\MC4J Console 1.2b9"
                set JOSSO_HOME=C:\josso-1.4
            </source>
        </s1>
        
        <s1 title="Introduction">

            <p>In order for allowing GUI-based JOSSO configuration, as mentioned before, the JMX support  available in the product is the main enabler for this feature.</p>
            <p>Every update made to a property-s value through the JMX Console can, in addition to affecting the behaviour of JOSSO on the fly, make such 
            change explicitly persistent . This means that property updates are persisted in the standard Xml JOSSO configuration files as if a manual update would
            have taken place, making JOSSO capable of restoring and working using its latest state, even after a restart. </p>
            
            <p>This How-To will explain how to configure JOSSO Single Sign-On using a GUI, in this case MC4J.
                We're assuming that basic :
                
            </p>
            <ul>
                <li>Basic Authentication is used</li>
                <li>Users, roles and credentials are stored in the database</li>
                <li>Password are stored as plain text</li>
                <li>Single Sign-On Sessions are volatible which means that they are kept in memory</li>
            </ul>
        </s1>

        <s1 title="Installing JOSSO">

            <p>If you're using one of JOSSO bundles like the ones available for JBoss or Tomcat  you can skip this section.</p>

            <p>In order to be able to configure JOSSO using a GUI, follow the Building, Installing and
            Deploying section of the technical guide corresponding to your platform such as the HOW-TO, for example JBoss 4.x Setup HOW-TO.</p>

            <p>Next modify server specific files, such as server.xml, leaving JOSSO configuration files
            as they are.  We'll get back later on them.</p>

            <p>Remember to build and deploy JOSSO using the <strong>exclude.config</strong> set to true.  Details
            on how to do this can be found in the Deployment section of the Setup HOW-TOs</p>

            <p>Once JOSSO has been built, installed and deployed copy the JOSSO configuration files to your container-specific
                configuration directory :</p>

            <s2 title="Tomcat">
                <p>
                    For Unix systems you can use :
                </p>
                <source>
                    $ cp $JOSSO_HOME/src/resources/josso-*.xml $CATALINA_HOME/bin
                </source>
                <p>
                    For Win32 systems you can use :
                </p>
                <source>
                    copy %JOSSO_HOME%\src\resources\josso-*.xml %CATALINA_HOME%\bin
                </source>

                <note>
                    If using Tomcat 5.5 with JDK 1.5 you must install
                    <link href="http://xml.apache.org/xalan-j">Apache Xalan-J</link>.  Some APIs used by the management infrastructure are not compatible with the 
                    Xalan part of the JDK 1.5 .
                    Simply copy all jars found in Xalan-J distribution root directory to $CATALINA_HOME/common/endorsed.<br/>
                    Xalan-J is already included  in the JOSSO bundle for the Tomcat Container.
                </note>
            </s2>

            <s2 title="JBoss">
                <p>
                    For Unix systems you can use :
                </p>
                <source>
                    $ cp $JOSSO_HOME/src/resources/josso-*.xml $JBOSS_HOME/server/default/conf
                </source>
                <p>
                    For Win32 systems you can use :
                </p>
                <source>
                    copy %JOSSO_HOME%\src\resources\josso-*.xml %JBOSS_HOME%\server\default\conf
                </source>
                <note>If your JBoss instance name is not 'default', modify the destination path when copying JOSSO
                    configuration files using the corresponding instance name, for example %JBOSS_HOME%\server\my-instance\conf</note>
            </s2>

            <p>There is no need to modify JOSSO configuration files yet.  We'll setup JOSSO later as described in the next sections.</p>


        </s1>

        <s1 title="Select JOSSO components">

            <p>So far we have installed and deployed JOSSO keeping the default setup : basic authentication using memory identity and session stores.
            Now we'll configure JOSSO by choosing  the set of components that will satisfy our specific requirements.  
             </p>
            <p>JOSSO components must be selected by editing the JOSSO gateway configuration file.  The file comes with commented  configuration
                blocks with default settings for all components.  The only thing that mus be done 
              is to comment/uncomment component configuration blocks until reaching the desired configuration.  In this particular case we
                will uncomment the Memory Identity stores and DB identity stores configuration blocks .  Component properties will be later updated using the
                MC4J Console.
            </p>

            <p>Let's take a look at our modified file, unused components were removed for clarity :</p>

            <source><![CDATA[
<?xml version="1.0" encoding="ISO-8859-1" ?>
<domain>
    <name>JOSSO</name>
    <type>web</type>
    <authenticator>
        <class>org.josso.auth.AuthenticatorImpl</class>
        <authentication-schemes>

            <authentication-scheme>
                <name>basic-authentication</name>
                <class>org.josso.auth.scheme.UsernamePasswordAuthScheme</class>
                <hashAlgorithm>MD5</hashAlgorithm>
                <hashEncoding>HEX</hashEncoding>
                <ignorePasswordCase>false</ignorePasswordCase>
                <ignoreUserCase>false</ignoreUserCase>

                <credential-store>
                    <class>org.josso.gateway.identity.service.store.db.JDBCIdentityStore</class>
                    <credentialsQueryString>
                        SELECT login AS username , password AS password FROM josso_user WHERE login = ?
                    </credentialsQueryString>
                    <connectionName>josso</connectionName>
                    <connectionPassword>josso</connectionPassword>
                    <connectionURL>jdbc:oracle:thin:@localhost:1521:josso_db</connectionURL>
                    <driverName>oracle.jdbc.driver.OracleDriver</driverName>
                </credential-store>

                <credential-store-key-adapter>
                    <class>org.josso.gateway.identity.service.store.SimpleIdentityStoreKeyAdapter</class>
                </credential-store-key-adapter>

            </authentication-scheme>

        </authentication-schemes>
    </authenticator>

    <sso-identity-manager>
        <class>org.josso.gateway.identity.service.SSOIdentityManagerImpl</class>
        <sso-identity-store>
            <class>org.josso.gateway.identity.service.store.db.JDBCIdentityStore</class>
            <userQueryString>
                SELECT login FROM josso_user WHERE login = ?
            </userQueryString>
            <userPropertiesQueryString>
                SELECT 'user.description' AS name , description AS value FROM josso_user WHERE login = ?
                UNION
                SELECT name AS name ,  value AS value FROM josso_user_property WHERE login = ?
            </userPropertiesQueryString>
            <rolesQueryString>
                SELECT josso_role.name FROM josso_role , josso_user_role , josso_user WHERE josso_user.login = ?
                AND josso_user.login = josso_user_role.login AND josso_role.name = josso_user_role.name
            </rolesQueryString>
            <connectionName>josso</connectionName>
            <connectionPassword>josso</connectionPassword>
            <connectionURL>jdbc:oracle:thin:@localhost:1521:josso_db</connectionURL>
            <driverName>oracle.jdbc.driver.OracleDriver</driverName>
        </sso-identity-store>

      <sso-identity-store-key-adapter>
        <class>org.josso.gateway.identity.service.store.SimpleIdentityStoreKeyAdapter</class>
      </sso-identity-store-key-adapter>

    </sso-identity-manager>

    <sso-session-manager>

        <class>org.josso.gateway.session.service.SSOSessionManagerImpl</class>
        <maxInactiveInterval>30</maxInactiveInterval>
        <maxSessionsPerUser>-1</maxSessionsPerUser>
        <invalidateExceedingSessions>false</invalidateExceedingSessions>
        <sessionMonitorInterval>10000</sessionMonitorInterval>
        <sso-session-store>
            <class>org.josso.gateway.session.service.store.MemorySessionStore</class>
        </sso-session-store>

        <sso-session-id-generator>

            <class>org.josso.gateway.session.service.SessionIdGeneratorImpl</class>
            <algorithm>MD5</algorithm>

        </sso-session-id-generator>

    </sso-session-manager>

    <sso-audit-manager>
        <class>org.josso.gateway.audit.service.SSOAuditManagerImpl</class>
        <handlers>
            <handler>
                <class>org.josso.gateway.audit.service.handler.LoggerAuditTrailHandler</class>
                <name>LoggerAuditTrailHandler</name>
                <category>org.josso.gateway.audit.SSO_AUDIT</category>
            </handler>
        </handlers>
    </sso-audit-manager>

    <sso-event-manager>
        <class>org.josso.gateway.event.security.JMXSSOEventManagerImpl</class>
        <oname>josso:type=SSOEventManager</oname>

    </sso-event-manager>

</domain>


             ]]></source>

            <p>Note that no component settings were modified, only some file sections were uncommented to obtain our new SSO base configuration.</p>

            <p>In case you modify the josso-config.xml file, remember to reference both, agent and gateway
                configurations.  Let's see the following sample : </p>
            <source><![CDATA[
<?xml version="1.0" encoding="ISO-8859-1" ?>
<configuration>
  <hierarchicalXml fileName="josso-gateway-config.xml"/>
  <hierarchicalXml fileName="josso-agent-config.xml"/>
</configuration>
            ]]></source>

        </s1>

        <s1 title="MC4J Setup">

            <p>JMX support is not included in Tomcat as explained in  the <link
            href="http://tomcat.apache.org/tomcat-5.5-doc/monitoring.html">Monitoring and Managing Tomcat</link> guide.</p>
            <p>For a quick start follow these steps : </p>

            <p>
                Modify your Tomcat startup script (catalina.sh for Unix systems and catalina.bat for Windows) :
            </p>
            <p>For Unix systems, modify $CATALINA_HOME/bin/catalina.sh</p>
            <source>
export CATALINA_OPTS="-Dcom.sun.management.jmxremote \
    -Dcom.sun.management.jmxremote.port=8999 \
    -Dcom.sun.management.jmxremote.ssl=false \
    -Dcom.sun.management.jmxremote.authenticate=false"
            </source>
            <p>For Windows systems, modify %CATALINA_HOME%\bin\catalina.bat</p>
            <source>
set CATALINA_OPTS="-Dcom.sun.management.jmxremote \
    -Dcom.sun.management.jmxremote.port=8999 \
    -Dcom.sun.management.jmxremote.ssl=false \
    -Dcom.sun.management.jmxremote.authenticate=false"
            </source>

            <p>Next start JOSSO, launch the MC4J console and create a new server connection. Once the server is up,  go to Management menu and select <strong>Create Server Connection</strong>.
                A Wizard will guide through the required configuration steps.  Make sure to modify the server Url in case  the console and JOSSO are not
            running in the same host.
            </p>
            <figure src="images/josso-screen-mc4j-setup.jpg" alt="MC4J Setup Wizard"/>
        </s1>


        <s1 title="GUI Based configuration">

            <p>Now that JOSSO is up and running, we can use MC4J to configure
            every aspect of the SSO.  In our example we will configure the basic authentication scheme, both the identity
            and credential stores and the session manager settings.</p>

            <p>List of JOSSO Mbeans :</p>
            <figure src="images/josso-screen-mc4j-mbeans.jpg" alt="JOSSO Mbeans"/>

            <s2 title="Configure the Identity Store">
                <p>Let's take a look at the Identity Store MBean.  To display a MBean basic view, right-click
                    on the MBean node and select <strong>Available Dashboards</strong> and then select
                    <strong>Basic MBean View</strong> : </p>
                <figure src="images/josso-screen-mc4j-identityStore.jpg" alt="Identity Store Basic View"/>

                <p>If you want to view attribute properties, right-click on the desired attribute node and select
                    <strong>Properties</strong>.  You will see the attribute name, a description with information about
                the attribute function, a flag indicating whether this attribute can be modified or not and the
                    attribute current value</p>
                <figure src="images/josso-screen-mc4j-identityStore_connectionURL.jpg" alt="Connection URL properties."/>

                <p>We can now configure our Identity Store properties. In this case we'll modify the connectionURL,
                    connectionName and connectionPassword properties leaving the default values for SQL queries.
                    Note that by looking at the <strong>className</strong>  property value of this theMBean we know that an JDBC Identity Store is being used</p>
 
                <p>These are the values being updated :</p>
                <ul>
                    <li>connectionURL: jdbc:oracle:thin:@my-db-host:1521:JOSSO</li>
                    <li>connectionName: JOSSO_USER</li>
                    <li>connectionPassword: JOSSO_PWD</li>
                </ul>
                <p>Remember that these changes will appear in the josso-gateway-config.xml configuration file and will take effect immediately.</p>

                <p>One way to modify MBean properties is to double-click on the MBean node and edit property values : </p>
                <figure src="images/josso-screen-mc4j-identityStore_properties.jpg" alt="Identity Store properties."/>


            </s2>

            <s2 title="Configure the Credential Store">
                <p>Now we'll configure the Credential Store.  In our example credentials are stored using the same
                persistence mechanism.  Let's modify the following properties : </p>
                <ul>
                    <li>connectionURL: jdbc:oracle:thin:@my-db-host:1521:JOSSO</li>
                    <li>connectionName: JOSSO_USER</li>
                    <li>connectionPassword: JOSSO_PWD</li>
                </ul>
                <figure src="images/josso-screen-mc4j-credentialStore.jpg" alt="Credential Store Basic View"/>
            </s2>

            <s2 title="Configure the Authentication Scheme">
                <p>Now we'll configure the <strong>basic-authentication</strong> scheme.  Since we're storing passwords
                as plain text we will need  to clear the hashAlgorithm and hashEncoding attribute values.</p>
                <figure src="images/josso-screen-mc4j-basicAuthScheme.jpg" alt="Basic Authentication Scheme Basic View"/>

                <p>Modified properties : </p>
                <figure src="images/josso-screen-mc4j-basicAuthScheme_properties.jpg" alt="Basic Authentication Scheme properties"/>
            </s2>

            <s2 title="Configure the Session Manager">
                <p>Finally we'll configure the Session Manager by increasing the maximum session inactive
                    interval from 30 minutes to one hour and decreasing the session monitor interval from
                10 seconds to 2 seconds.</p>

                <figure src="images/josso-screen-mc4j-sessionManager.jpg" alt="Session Manager Basic View"/>

                <p>Modified properties : </p>
                <figure src="images/josso-screen-mc4j-sessionManager_properties.jpg" alt="Session Manager properties"/>

            </s2>


            <p>Let's take a look at the josso-gateway-config.xml file after we completed the above configuration steps.  The file
            was automatically updated with the new JOSSO component settings.</p>

            <source><![CDATA[
    <?xml version="1.0" encoding="UTF-8"?><domain>
    <name>JOSSO</name>
    <type>web</type>
    <authenticator>
        <class>org.josso.auth.AuthenticatorImpl</class>
        <authentication-schemes>

            <authentication-scheme>
                <name>basic-authentication</name>
                <class>org.josso.auth.scheme.UsernamePasswordAuthScheme</class>
                <hashAlgorithm/>
                <hashEncoding/>
                <ignorePasswordCase>false</ignorePasswordCase>
                <ignoreUserCase>false</ignoreUserCase>

                <credential-store>
                    <class>org.josso.gateway.identity.service.store.db.JDBCIdentityStore</class>
                    <credentialsQueryString>
                        SELECT login AS username , password AS password FROM josso_user WHERE login = ?
                    </credentialsQueryString>
                    <connectionName>josso</connectionName>
                    <connectionPassword>josso</connectionPassword>
                    <connectionURL>jdbc:oracle:thin:@localhost:1521:josso_db</connectionURL>
                    <driverName>oracle.jdbc.driver.OracleDriver</driverName>
                </credential-store>

                <credential-store-key-adapter>
                    <class>org.josso.gateway.identity.service.store.SimpleIdentityStoreKeyAdapter</class>
                </credential-store-key-adapter>

            </authentication-scheme>

        </authentication-schemes>
    </authenticator>

    <sso-identity-manager>
        <class>org.josso.gateway.identity.service.SSOIdentityManagerImpl</class>
        <sso-identity-store>
            <class>org.josso.gateway.identity.service.store.db.JDBCIdentityStore</class>
            <userQueryString>
                SELECT login FROM josso_user WHERE login = ?
            </userQueryString>
            <userPropertiesQueryString>
                SELECT 'user.description' AS name , description AS value FROM josso_user WHERE login = ?
                UNION
                SELECT name AS name ,  value AS value FROM josso_user_property WHERE login = ?
            </userPropertiesQueryString>
            <rolesQueryString>
                SELECT josso_role.name FROM josso_role , josso_user_role , josso_user WHERE josso_user.login = ?
                AND josso_user.login = josso_user_role.login AND josso_role.name = josso_user_role.name
            </rolesQueryString>
            <connectionName>JOSSO_USER</connectionName>
            <connectionPassword>JOSSO_PWD</connectionPassword>
            <connectionURL>jdbc:oracle:thin:@my-db-host:1521:JOSSO</connectionURL>
            <driverName>oracle.jdbc.driver.OracleDriver</driverName>
        </sso-identity-store>

      <sso-identity-store-key-adapter>
        <class>org.josso.gateway.identity.service.store.SimpleIdentityStoreKeyAdapter</class>
      </sso-identity-store-key-adapter>

    </sso-identity-manager>

    <sso-session-manager>

        <class>org.josso.gateway.session.service.SSOSessionManagerImpl</class>
        <maxInactiveInterval>60</maxInactiveInterval>
        <maxSessionsPerUser>-1</maxSessionsPerUser>
        <invalidateExceedingSessions>false</invalidateExceedingSessions>
        <sessionMonitorInterval>2000</sessionMonitorInterval>
        <sso-session-store>
            <class>org.josso.gateway.session.service.store.MemorySessionStore</class>
        </sso-session-store>

        <sso-session-id-generator>

            <class>org.josso.gateway.session.service.SessionIdGeneratorImpl</class>
            <algorithm>MD5</algorithm>

        </sso-session-id-generator>

    </sso-session-manager>

    <sso-audit-manager>
        <class>org.josso.gateway.audit.service.SSOAuditManagerImpl</class>
        <handlers>
            <handler>
                <class>org.josso.gateway.audit.service.handler.LoggerAuditTrailHandler</class>
                <name>LoggerAuditTrailHandler</name>
                <category>org.josso.gateway.audit.SSO_AUDIT</category>
            </handler>
        </handlers>
    </sso-audit-manager>

    <sso-event-manager>
        <class>org.josso.gateway.event.security.JMXSSOEventManagerImpl</class>
        <oname>josso:type=SSOEventManager</oname>

    </sso-event-manager>

</domain>
]]>
            </source>

            <p>You could also configure other JOSSO components like the SSO Agent.</p>

        </s1>

        <s1 title="Comments">
            <p>
                Care to comment on this How-To? Help keep this document relevant by passing along any constructive feedback to the
                <link href="mailto:docs@josso.org?subject=Configuring">josso-docs</link>
            </p>
        </s1>
        <s1 title="Revisions">
            <p>
            </p>
            <p>
            </p>
        </s1>

    </body>
</document>



