<?xml version='1.0' encoding='ISO-8859-1'?>
<!--
  ~   Copyright (c) 2004-2006, Novascope S.A. and the JOSSO team
  ~    All rights reserved.
  ~    Redistribution and use in source and binary forms, with or
  ~    without modification, are permitted provided that the following
  ~    conditions are met:
  ~
  ~    * Redistributions of source code must retain the above copyright
  ~      notice, this list of conditions and the following disclaimer.
  ~
  ~    * Redistributions in binary form must reproduce the above copyright
  ~      notice, this list of conditions and the following disclaimer in
  ~      the documentation and/or other materials provided with the
  ~      distribution.
  ~
  ~    * Neither the name of the JOSSO team nor the names of its
  ~      contributors may be used to endorse or promote products derived
  ~      from this software without specific prior written permission.
  ~
  ~    THIS SOFTWARE IS PROVIDED BY THE COPYRIGHT HOLDERS AND
  ~    CONTRIBUTORS "AS IS" AND ANY EXPRESS OR IMPLIED WARRANTIES,
  ~    INCLUDING, BUT NOT LIMITED TO, THE IMPLIED WARRANTIES OF
  ~    MERCHANTABILITY AND FITNESS FOR A PARTICULAR PURPOSE ARE
  ~    DISCLAIMED. IN NO EVENT SHALL THE COPYRIGHT OWNER OR CONTRIBUTORS
  ~    BE LIABLE FOR ANY DIRECT, INDIRECT, INCIDENTAL, SPECIAL,
  ~    EXEMPLARY, OR CONSEQUENTIAL DAMAGES (INCLUDING, BUT NOT LIMITED
  ~    TO, PROCUREMENT OF SUBSTITUTE GOODS OR SERVICES; LOSS OF USE,
  ~    DATA, OR PROFITS; OR BUSINESS INTERRUPTION) HOWEVER CAUSED AND ON
  ~    ANY THEORY OF LIABILITY, WHETHER IN CONTRACT, STRICT LIABILITY,
  ~    OR TORT (INCLUDING NEGLIGENCE OR OTHERWISE) ARISING IN ANY WAY
  ~    OUT OF THE USE OF THIS SOFTWARE, EVEN IF ADVISED OF THE
  ~    POSSIBILITY OF SUCH DAMAGE.
  -->
<!DOCTYPE document PUBLIC "-//APACHE//DTD Documentation V1.0//EN" "document-v10.dtd">
<document>
    <header>
        <title>HOW-TO: Monitoring and Managing JOSSO</title>
        <authors>
            <person name="Sebastian Gonzalez Oyuela" email="sgonzalez@josso.org"/>
        </authors>
    </header>
    <body>
        <s1 title="Prerequisites">

            <s2 title="Install and Configure JOSSO">
                <p>
                    You should first setup JOSSO for one of the supported platforms such as Tomcat and JBoss.
                    Check the specific Setup HOW-TO corresponding to the platform where JOSSO is going to be installed.
                </p>
                <p>
                    Once you're done with the initial setup make sure that the JOSSO web application is accessible.
                </p>
            </s2>

            <note>
                To be able to use some of the management features available, you will need to build and deploy JOSSO
                with the <strong>exclude.config</strong> option set to true.
                See the Configuring or Deploying section of your platform specific Setup guide for details.
            </note>

            <note>
                If using Tomcat 5.5 with JDK 1.5 you must install
                <link href="http://xml.apache.org/xalan-j">Apache Xalan-J</link>.  Some APIs used by the management infrastructure are not compatible with the
                Xalan part of the JDK 1.5 .
                Simply copy all jars found in Xalan-J distribution root directory to $CATALINA_HOME/common/endorsed.<br/>
                Xalan-J is already included  in the JOSSO bundle for the Tomcat Container.
            </note>

        </s1>

        <s1 title="Introduction">
            <p>Monitoring and Managing are very important features.  Inspecting the SSO server,
                reconfiguring any component and collecting statistical information about SSO activity are part of everyday
                administration tasks. JOSSO allows you to mange and monitor the SSO Gateway and SSO Agents based on the
                Java Management Extension (JMX) standard.  JMX is a specification for monitoring and managing Java applications.
                It enables a generic management system to monitor an application, raise notifications when the
                application needs attention, and change the state of the application to remedy problems.
                JMX is a public specification and is being used as the standard management mechanism by all platforms
                supported by JOSSO.
                In addition, JOSSO can persist modifications made to component properties through JMX in JOSSO
                configuration files. This ensures that no update made to SSO settings will be lost on server restart.
            </p>
            <p>This How-To will explain how to perform basic monitoring and managing tasks using
                <link href="http://www.mc4j.org">MC4J (Management Console for Java)</link> JMX console.  MC4J is an
                open source project to create management software for J2EE application servers and other Java applications</p>
            <note>
                MC4J is not mandatory, you could use any other JMX console you prefer.
            </note>
        </s1>


        <s1 title="Setup the JMX layer">

            <s2 title="Configure JMX for your selected platform">
                <p>Refer to the specific JMX documentation corresponding to the platform where JOSSO is installed
                to setup the JMX layer.  You can configure security, preferred implementation, etc.
                JOSSO was tested using server specific and JDK 1.5 JMX implementations.</p>
            </s2>

            <s2 title="Install MC4J">

                <p>Refer to MC4J documentation for installing and configuring the console to work with your selected
                    platform. MC4J supports all servers where JOSSO can be deployed.</p>

                <p>Once you're done with the MC4J setup, you can install JOSSO specific dashboards which provide custom
                    views of JOSSO activity as console reports. Dashboards are distributed with JOSSO and can be found at
                    $JOSSO_HOME/src/samples/jmx/</p>
                <p>To execute the following commands, you need to define JOSSO_HOME and MC4J_HOME environment variables
                or replace them with the specific path where you have installed each product.</p>
                <p>
                  For Unix systems you can use :
                </p>
                <source>
                  $ cd $MC4J_HOME/dashboards
                  $ mkdir josso
                  $ cp $JOSSO_HOME/src/samples/jmx/*.xml ./josso
                </source>
                <p>
                  For Win32 systems you can use :
                </p>
                <source>
                  cd %MC4J_HOME%\dashboards
                  mkdir josso
                  copy %JOSSO_HOME%\src\samples\jmx\*.xml .\josso
                </source>

                <p>MC4J allows you to build your own dashboards, you can create specific layouts and views, including those
                    metrics that are more relevant for your installation. Take a look at MC4J documentation on dashboards
                    for details.</p>
              </s2>
        </s1>

        <s1 title="JOSSO Managed Beans">

            <p>Every JOSSO component exposes a manageable interface as an MBean. Some MBeans have a set of operations that
                can be invoked directly from the console, for example you could invalidate a specific session using the
                invalidate operation provided by the SSOSessionManager MBean or you could configure a new partner
                application using the SSOAgent MBean.  MBeans contain also a collection of attributes which provide
                for instance information about SSO activity, like the open sessions count.
                Others attributes represent component settings that could be modified, like the session maximum inactive interval.</p>
            <p>When you modify an MBean attribute, JOSSO will update the corresponding configuration file with the new value,
                creating a backup copy with the original content.</p>
            <p>Changes to attributes will take effect immediately altering
                JOSSO behavior, for example you could deploy a new web application and invoke the SSOAgent MBean
                addPartnerApplication operation to configure it as a JOSSO partner application without having to stop
                the server.  The new application will be automatically protected by the SSO and the application definition
                will be automatically stored in the josso-agent-config.xml file.</p>

            <p>Let's take a look at JOSSO MBeans using MC4J : </p>

            <figure src="images/josso-screen-mbeans.jpg" alt="JOSSO Mbeans"/>

            <p>The following image shows SSOSessionManager MBean attributes and operations : </p>

            <figure src="images/josso-screen-ssoSessionManagerMBean.jpg" alt="JOSSO SSOSessionManager MBean"/>

            <p>This image shows the maxSessionsPerUser attribute properties. We can see the attribute name, type,
                description, editable flag and current value.  Because this attribute is marked as 'Editable' its values
                can be updated. In this case, with MC4J we just modify the value displayed in the window.</p>
            <figure src="images/josso-screen-ssoSessionManagerMBean-1.jpg" alt="JOSSO SSOSessionManager Max Sessions Per User"/>
        </s1>

        <s1 title="Monitor and manage the Gateway">

            <p>The SSOGateway MBean provides access to basic SSO information and operations. Through this MBean you
                can verify JOSSO version, the total number of open sessions and perform basic session management activities
                such as listing, verifying and invalidating.
                This is the set of attributes and operations provided by the SSOGateway MBean :</p>
            <ul>
                <li>sessionCount (attribute) : Total number of open sessions</li>

                <li>name         (attribute) : Product name</li>

                <li>fullName     (attribute) : Product full name</li>

                <li>version      (attribute) : Product version</li>

                <li>listSessions (operation) : List all SSO sessions</li>

                <li>listUserSessions (operation) : Lists all SSO sessions related to a user</li>

                <li>invalidateUserSessions (operation) : Invalidate all open SSO sessions related to the given user</li>

                <li>invalidateAll (operation) : Invalidate all open SSO sessions</li>

                <li>invalidate    (opertaion) : Invalidate SSO session whose id is specified</li>

                <li>checkValidSessions (operatino) : Force a check in order to detect expired SSO sessions</li>

                <li>userExists (operation) : Validates that the received username matches an existing user</li>

            </ul>

            <p> More specific attributes and operations can be obtained by accessing the MBeans exposing different
                JOSSO components.</p>
            <p>JOSSO provides statistical information about the SSO Gateway activity.  You can monitor the total number
                of open sessions, the number of authorizations processed since server startup, the authorization
                failures count and other metrics.</p>
            <p>This information is available through several MBeans such as the SSOGateway MBean and specific MBeans
                like the SSOSessionManager MBean.</p>
            <p>When using MC4J, JOSSO Dashboards can be used for obtaining different views of the Gateway activity
                    .  Take a look at <link href="#screens">JOSSO Screen shots for details.</link></p>

            <p>JOSSO exposes most component configuration properties as MBean attribute sets. When browsing these attributes
               using your preferred JMX console, you can select and modify them for changing for instance the hast algorithm
               or encoding used for validating user credentials.
            </p>

            <s2 title="Managing SSO Sessions">
                <p>Basic SSO session management can be achieved through the SSOSessionManager MBean.
                Bellow is the list of operations that allows you to obtain, invalidate and verify SSO sessions : </p>
                <ul>
                    <li>getUserSessions    : Lists all SSO sessions related to a given user.</li>
                    <li>invalidateAll      : Invalidate all open SSO sessions</li>
                    <li>invalidate         : Invalidate SSO session for the supplied session identifier</li>
                    <li>checkValidSessions : Force a check in order to detect expired SSO sessions</li>
                </ul>
            </s2>

        </s1>
        <s1 title="Monitor and manage the Agent">

            <p>JOSSO SSO Agent provides several MBeans that allows you to monitor agent activity, view and modify its
            configuration and partner applications.</p>
            <p>Statistical information provided by the agent includes : total requests processed by the agent, total
                request process error count, SOAP requests sent to gateway managers and agent cache hits.  If you're
                using MC4J, you can use Agent Statistics dashboard to view this information.</p>

            <s2 title="Managing partner applications">
                <p>JOSSO Agent MBean provides operations to manage partner application settings by adding, removing and
                listing configured SSO applications.  This is useful when a new web application has to be deployed
                without stopping the server.  The addPartnerApplication operation could be invoked before the new deploy,
                leaving the web context automatically protected by JOSSO.  All changes made to
                agent settings will be updated accordingly in JOSSO configuration files.</p>
                <p>This is the list of operations provided by the SSOAgent MBean used to manage partner applications : </p>
                <ul>
                    <li>addPartnerApp : Adds a new partner application to be handled by this agent.</li>
                    <li>removePartnerApp : Removes a partner application from being handled by this agent.</li>
                    <li>listPartnerApps : Lists all configured partner applications.</li>
                </ul>
            </s2>

        </s1>
        <s1 title="For Developers">
            <p>JOSSO uses Apache Jakarta Commons Modeler to transparently expose JOSSO components as MBeans. If you
                want to use your own components just add or modify the  mbeans-descriptor.xml for your
                component class.  Take a look at existing descriptors or refer to
                <link href="http://jakarta.apache.org/commons/modeler/">commons-modeler</link> for details.</p>
        </s1>
        <s1 title="JOSSO MC4J Screen shots">
            <anchor id="screens"/>

            <table>
                <tr>
                    <td><link href="images/josso-screen-session-meter.jpg"><img src="images/josso-screen-session-meter-ico.jpg" alt="Session Meter" /></link></td>
                    <td>&nbsp;</td>
                    <td><link href="images/josso-screen-gwy-info.jpg"><img src="images/josso-screen-gwy-info-ico.jpg" alt="Gateway Statistics" /></link></td>
                    <td>&nbsp;</td>
                    <td><link href="images/josso-screen-gwy-statistics.jpg"><img src="images/josso-screen-gwy-statistics-ico.jpg" alt="Gateway Statistics" /></link></td>
                    <td>&nbsp;</td>
                    <td><link href="images/josso-screen-sessionManager-mbean.jpg"><img src="images/josso-screen-sessionManager-mbean-ico.jpg" alt="Agent MBean" /></link></td>
                    <td>&nbsp;</td>
                    <td><link href="images/josso-screen-agent-statistics.jpg"><img src="images/josso-screen-agent-statistics-ico.jpg" alt="Agent Statistics" /></link></td>
                    <td>&nbsp;</td>
                    <td><link href="images/josso-screen-agent-mbean.jpg"><img src="images/josso-screen-agent-mbean-ico.jpg" alt="Agent MBean" /></link></td>
                    <td>&nbsp;</td>
                </tr>
                <tr>
                    <td>Session Meter</td>
                    <td>&nbsp;</td>
                    <td>Gateway Information</td>
                    <td>&nbsp;</td>
                    <td>Gateway Statistics</td>
                    <td>&nbsp;</td>
                    <td>Session Manager MBean</td>
                    <td>&nbsp;</td>
                    <td>Agent Statistics</td>
                    <td>&nbsp;</td>
                    <td>Agent MBean</td>
                    <td>&nbsp;</td>
                </tr>
            </table>

        </s1>
        <s1 title="Comments">
            <p>
                Care to comment on this How-To? Help keep this document relevant by passing along any constructive feedback to the
                <link href="mailto:docs@josso.org?subject=Developer-Howto:">josso-docs</link>
            </p>
        </s1>
        <s1 title="Revisions">

            <p>
            </p>
            <p>
            </p>
        </s1>
    </body>
</document>

