<?xml version='1.0' encoding='ISO-8859-1'?>
<!--
  ~   Copyright (c) 2004-2006, Novascope S.A. and the JOSSO team
  ~    All rights reserved.
  ~    Redistribution and use in source and binary forms, with or
  ~    without modification, are permitted provided that the following
  ~    conditions are met:
  ~
  ~    * Redistributions of source code must retain the above copyright
  ~      notice, this list of conditions and the following disclaimer.
  ~
  ~    * Redistributions in binary form must reproduce the above copyright
  ~      notice, this list of conditions and the following disclaimer in
  ~      the documentation and/or other materials provided with the
  ~      distribution.
  ~
  ~    * Neither the name of the JOSSO team nor the names of its
  ~      contributors may be used to endorse or promote products derived
  ~      from this software without specific prior written permission.
  ~
  ~    THIS SOFTWARE IS PROVIDED BY THE COPYRIGHT HOLDERS AND
  ~    CONTRIBUTORS "AS IS" AND ANY EXPRESS OR IMPLIED WARRANTIES,
  ~    INCLUDING, BUT NOT LIMITED TO, THE IMPLIED WARRANTIES OF
  ~    MERCHANTABILITY AND FITNESS FOR A PARTICULAR PURPOSE ARE
  ~    DISCLAIMED. IN NO EVENT SHALL THE COPYRIGHT OWNER OR CONTRIBUTORS
  ~    BE LIABLE FOR ANY DIRECT, INDIRECT, INCIDENTAL, SPECIAL,
  ~    EXEMPLARY, OR CONSEQUENTIAL DAMAGES (INCLUDING, BUT NOT LIMITED
  ~    TO, PROCUREMENT OF SUBSTITUTE GOODS OR SERVICES; LOSS OF USE,
  ~    DATA, OR PROFITS; OR BUSINESS INTERRUPTION) HOWEVER CAUSED AND ON
  ~    ANY THEORY OF LIABILITY, WHETHER IN CONTRACT, STRICT LIABILITY,
  ~    OR TORT (INCLUDING NEGLIGENCE OR OTHERWISE) ARISING IN ANY WAY
  ~    OUT OF THE USE OF THIS SOFTWARE, EVEN IF ADVISED OF THE
  ~    POSSIBILITY OF SUCH DAMAGE.
  -->
<!DOCTYPE document PUBLIC "-//APACHE//DTD Documentation V1.0//EN" "document-v10.dtd">
<document>
    <header>
        <title>HOW-TO: Integrating your PHP Web Application with JOSSO</title>
        <authors>
            <person name="Sebastian Gonzalez Oyuela" email="sgonzalez@josso.org"/>
        </authors>
    </header>
    <body>
        <s1 title="Prerequisites">
            <p>
                To integrate a PHP application with JOSSO, an N-Tier configuration should be implemented.
                In such configuration, a PHP-enabled HTTP server should be used. This guide will use
                Apache 2.x as an HTTP Server and Reverse Proxy.
            </p>
            <p>
                You should first setup JOSSO for PHP following
                the
                <link href="php-howto.html">PHP</link>
                How-TO.
            </p>
            <p>
                Once you're done with these steps, check that the JOSSO web application is accessible.
            </p>
            <note>
            In case of using PHP5 be sure of disabling the native SOAP support in order to avoid conflicts with the
            SOAP API used by JOSSO.
            </note>
        </s1>
        <s1 title="Introduction">
            <p>
                This How-To will explain how to integrate a PHP application with JOSSO Single Sign-On.
            </p>
            <p>
                It will explain how to develop a PHP JOSSO partner application capable of accessing authenticated
                user information like username, roles and custom properties.
            </p>
        </s1>

        <s1 title="Developing">
            <p>Once you have configured and tested your installation, you may start developing SSO-enabled PHP
            applications. As stated before, the JOSSO PHP Agent will run before any requested PHP page, by providing
            the authenticated user's identity to such page using the JOSSO PHP API.</p>
            <s2 title="Josso PHP API">
                <p>The <strong>jossoagent</strong> class  :</p>
                <ul>
                    <li><strong>jossouser getUserInSession()</strong> : provides the jossouser instance representing
                    current authenticated user, returns null if the user is not authenticated.</li>
                    <li><strong>bool isUserInRole(string roleName)</strong> : returns true if current authenticated
                    user is associated to the given role, if there is no authenticated user, returns false.</li>
                    <li><strong>jossorole[] getUserRoles()</strong> : returns an array of jossorole instances. This
                    are the roles associated to the authenticated user.</li>
                    <li><strong>string getGatewayLoginUrl()</strong> : returns the configured gatway login url, where
                    users should be redirected to authenticate.</li>
                    <li><strong>string getGatewayLogoutUrl()</strong> : returns the configured gatway logout url, where
                    users should be redirected to logout.</li>
                </ul>
                <p>The <strong>jossouser</strong> class  :</p>
                <ul>
                    <li><strong>string getName()</strong> : gets the user name.</li>
                    <li><strong>string getProperty(string name)</strong> : Gets a custom property value based on its
                    name.</li>
                    <li><strong>array getProperties</strong> : Gets user custom properties. Each element is a two
                    elements array represneting a property with name and value. Sample properties :</li>
                </ul>
                    <source><![CDATA[
Array
(
    [0] => Array
           (
               [name] => description
               [value] => User1 CN
           )

       [1] => Array
           (
               [name] => mail
               [value] => user1@joss.org
           )

)                    ]]></source>
                <p>The <strong>jossorole</strong> class  :</p>
                <ul>
                    <li><strong>string getName()</strong> : returns the role name.</li>
                </ul>
                <p>JOSSO declares a global variable <strong>$josso_agent</strong> that has a
                referenece to a <strong>jossoagent</strong> instance.</p>
            </s2>
            <s2 title="PHP Partner Application Sample">
                <p>Let's take a look at this php Sample code that uses the JOSSO API to get the authenticated user information.</p>
                <source><![CDATA[
<!doctype html public "-//w3c//dtd html 4.0 transitional//en">
<?php
/**
 * php JOSSO parnter application sample
 */
?>
<html>
<head>
	<title>Sample Partner Application - JOSSO</title>
	<meta name="description" content="Java Open Single Signon">
</head>

<body>
    <h1>This is a very simple PHP Josso partner application</h1>
<?php
// jossoagent is automatically instantiated by josso.php,
// declared in auto_prepend_file property of php.ini.

// Get current sso user information,
$user = $josso_agent->getUserInSession();

// Check if user is authenticated
if (isset($user)) {

    // Username associated to authenticated user
    echo 'Username : ' . $user->getName() . '<br><br>';

    // Get a specific user property
    echo 'description=' . $user->getProperty('description') . '<br>';

    // Get all user properties
	$properties = $user->getProperties();
	foreach ($properties as $property) {
		echo $property['name'] . '=' . $property['value'] . '<br>';
	}

	// Get all user roles
	$roles = $josso_agent->findRolesByUsername($user->getName());
	echo '<h2>Roles</h2>';
	foreach ($roles as $role) {
		echo $role->getName() . '<br>';
	}

	// Check if user belongs to a specific role
	if ($josso_agent->isUserInRole('role1')) {
		echo '<h3>user is in role1</h3>';
	}

    // Display logout url, use the "back_to" parameter to tell
    // the gateway where to redirect the user go after logout.
	// Replace localhost by your php server hostname
	$logout_url = $josso_agent->getGatewayLogoutUrl() .
	    '?josso_back_to=http://localost/php-partnerapp/sample.php';

	echo 'Click <a href="' . $logout_url . '">here</a> to logout ...<br>';


} else {

    // User is unknown..
    echo '<h2>you are an annonymous user ...</h2>';

    // Display login url, use the "back_to" parameter to tell
    // the gateway where to redirect the user after a the authentication succeeds.
	// Replace localhost by your php server hostname
	$login_url = $josso_agent->getGatewayLoginUrl() .
	    '?josso_back_to=http://localhost/php-partnerapp/sample.php';

	echo 'Click <a href="' . $login_url . '">here</a> to login ...';

}
?>
</body>
</html>                ]]></source>
            </s2>

        </s1>
        <s1 title="For more Information">
            <p>
                You can browse online the JOSSO PHP API <link href="ext:php-apidocs">here</link>.
            </p>
        </s1>

        <s1 title="Comments">
            <p>Care to comment on this How-To? Help keep this document relevant by passing along any constructive
               feedback to the <link href="mailto:docs@josso.org?subject=PHP-Developer-Howto:">josso-docs</link></p>
        </s1>
        <s1 title="Revisions">
            <p> </p>
            <p> </p>
        </s1>
    </body>
</document>