<?xml version='1.0' encoding='ISO-8859-1'?>
<!--
  ~   Copyright (c) 2004-2006, Novascope S.A. and the JOSSO team
  ~    All rights reserved.
  ~    Redistribution and use in source and binary forms, with or
  ~    without modification, are permitted provided that the following
  ~    conditions are met:
  ~
  ~    * Redistributions of source code must retain the above copyright
  ~      notice, this list of conditions and the following disclaimer.
  ~
  ~    * Redistributions in binary form must reproduce the above copyright
  ~      notice, this list of conditions and the following disclaimer in
  ~      the documentation and/or other materials provided with the
  ~      distribution.
  ~
  ~    * Neither the name of the JOSSO team nor the names of its
  ~      contributors may be used to endorse or promote products derived
  ~      from this software without specific prior written permission.
  ~
  ~    THIS SOFTWARE IS PROVIDED BY THE COPYRIGHT HOLDERS AND
  ~    CONTRIBUTORS "AS IS" AND ANY EXPRESS OR IMPLIED WARRANTIES,
  ~    INCLUDING, BUT NOT LIMITED TO, THE IMPLIED WARRANTIES OF
  ~    MERCHANTABILITY AND FITNESS FOR A PARTICULAR PURPOSE ARE
  ~    DISCLAIMED. IN NO EVENT SHALL THE COPYRIGHT OWNER OR CONTRIBUTORS
  ~    BE LIABLE FOR ANY DIRECT, INDIRECT, INCIDENTAL, SPECIAL,
  ~    EXEMPLARY, OR CONSEQUENTIAL DAMAGES (INCLUDING, BUT NOT LIMITED
  ~    TO, PROCUREMENT OF SUBSTITUTE GOODS OR SERVICES; LOSS OF USE,
  ~    DATA, OR PROFITS; OR BUSINESS INTERRUPTION) HOWEVER CAUSED AND ON
  ~    ANY THEORY OF LIABILITY, WHETHER IN CONTRACT, STRICT LIABILITY,
  ~    OR TORT (INCLUDING NEGLIGENCE OR OTHERWISE) ARISING IN ANY WAY
  ~    OUT OF THE USE OF THIS SOFTWARE, EVEN IF ADVISED OF THE
  ~    POSSIBILITY OF SUCH DAMAGE.
  -->
<!DOCTYPE document PUBLIC "-//APACHE//DTD Documentation V1.0//EN" "document-v10.dtd">
<document>
    <header>
        <title>JOSSO 1.4 Release Notes</title>
        <authors>
            <person name="Sebastian Gonzalez Oyuela" email="sgonzalez@josso.org"/>
        </authors>
    </header>
    <body>
        <s1 title="What's new in 1.4">

            <dl>
                <dt>1. Monitoring and Management</dt>
                <dd>JOSSO now supports monitoring and management through based on the Java Management Extension (JMX) specification.
                    JOSSO uses the JMX infrastructure found in all the supported containers.  Take a look at the <link href="monitoring-howto.html">
                Monitoring and Management HOW-TO</link> for detailed information.</dd>

                <dt>2. Remote GUI configuration</dt>
                <dd>Using the new management features, JOSSO settings can be modified in a user-friendly fashion without
                    stopping the container.
                    Changes take effect immediately and are persisted in the JOSSO configuration files.  Take a look at the
                    <link href="configuring-gui-howto.html">Configure JOSSO using a GUI HOW-TO</link> for detailed information.</dd>

                <dt>3. Single Sign-On Audit Management</dt>
                <dd>By using the Single Sign-On Audit Manager component, auditing events propagated by JOSSO can be captured
                    allowing custom listeners to act accordingly, such as disabling an account after several failed
                    authentication attempts.</dd>

                <dt>4. Single Sign-On Event Management</dt>
                <dd>By using the Single Sign-On Event Manager component, generic SSO events propagated by JOSSO can be captured
                    allowing custom listeners to act accordingly, such as responding to lifecyle changes.
                </dd>


                <dt>5. Cluster support</dt>
                <dd>This new Session store persists session information in a RDBMS.  This store can be
                    used to enable JOSSO in clustered environments.</dd>


                <dt>6. Added support for Microsoft Active Directory</dt>
                <dd>
                    JOSSO can now authenticate users against Active Directory.
                </dd>

                <dt>7. Improved LDAP support</dt>
                <dd>
                    JOSSO can now also authenticate users by performing an LDAP bind using the credentials supplied by
                    the authenticating user.
                    Additionally, LDAP stores can handle recursive searches for users and role, allowing to set
                    the search scope to be used for such operations.</dd>

                <dt>8. Enhanced error handing</dt>
                <dd>JOSSO comes with an improved error handling on authentication failures.  This is
                specially useful for hooking custom business rules to the authentication process.
                For instance new validations could be added for throwing custom exceptions.</dd>

                <dt>9. Improved Gateway initialization</dt>
                <dd>The JOSSO gateway initializes on container startup.</dd>

                <dt>10. Improved build system</dt>
                <dd>The build system now supports custom JBOSS instance names for deploying. <br/> JOSSO packaging was enhanced
                by removing unnecessary dependencies.</dd>

                <dt>11. Support for new platform versions</dt>
                <dd>JBoss 4.0.4RC1<br/>
                JBoss 3.2.8 SP1<br/>
                Tomcat 5.5.12 and above</dd>

                <dt>12. Several bug fixes and minor enhancements</dt>
                <dd>Bugs reported by the community and other patches are included in this release
                    (Thanks a lot for the support!).</dd>

            </dl>
        </s1>
        <s1 title="How to upgrade from release 1.3">
            <p>TBD</p>
        </s1>
    </body>
</document>

