<?xml version="1.0"?>
<!--
  ~   Copyright (c) 2004-2006, Novascope S.A. and the JOSSO team
  ~    All rights reserved.
  ~    Redistribution and use in source and binary forms, with or
  ~    without modification, are permitted provided that the following
  ~    conditions are met:
  ~
  ~    * Redistributions of source code must retain the above copyright
  ~      notice, this list of conditions and the following disclaimer.
  ~
  ~    * Redistributions in binary form must reproduce the above copyright
  ~      notice, this list of conditions and the following disclaimer in
  ~      the documentation and/or other materials provided with the
  ~      distribution.
  ~
  ~    * Neither the name of the JOSSO team nor the names of its
  ~      contributors may be used to endorse or promote products derived
  ~      from this software without specific prior written permission.
  ~
  ~    THIS SOFTWARE IS PROVIDED BY THE COPYRIGHT HOLDERS AND
  ~    CONTRIBUTORS "AS IS" AND ANY EXPRESS OR IMPLIED WARRANTIES,
  ~    INCLUDING, BUT NOT LIMITED TO, THE IMPLIED WARRANTIES OF
  ~    MERCHANTABILITY AND FITNESS FOR A PARTICULAR PURPOSE ARE
  ~    DISCLAIMED. IN NO EVENT SHALL THE COPYRIGHT OWNER OR CONTRIBUTORS
  ~    BE LIABLE FOR ANY DIRECT, INDIRECT, INCIDENTAL, SPECIAL,
  ~    EXEMPLARY, OR CONSEQUENTIAL DAMAGES (INCLUDING, BUT NOT LIMITED
  ~    TO, PROCUREMENT OF SUBSTITUTE GOODS OR SERVICES; LOSS OF USE,
  ~    DATA, OR PROFITS; OR BUSINESS INTERRUPTION) HOWEVER CAUSED AND ON
  ~    ANY THEORY OF LIABILITY, WHETHER IN CONTRACT, STRICT LIABILITY,
  ~    OR TORT (INCLUDING NEGLIGENCE OR OTHERWISE) ARISING IN ANY WAY
  ~    OUT OF THE USE OF THIS SOFTWARE, EVEN IF ADVISED OF THE
  ~    POSSIBILITY OF SUCH DAMAGE.
  -->

<mbeans-descriptors>

    <mbean name="LDAPIdentityStore"
        className="org.josso.util.mbeans.JOSSOBaseMBean"
        description="An implementation of an Identity and Credential Store which obtains credential, user and role information from an LDAP server using JNDI, based on the configuration properties."
        domain="josso"
        group="IdentityStore"
        type="org.josso.gateway.identity.service.store.ldap.LDAPIdentityStore">

        <attribute name="className"
            description="Fully qualified class name of the managed object"
            type="java.lang.String"
            writeable="false"/>

        <attribute name="initialContextFactory"
            description="java.naming.factory.initial"
            type="java.lang.String"
            writeable="true"/>

        <attribute name="securityProtocol"
            description="java.naming.security.protocol"
            type="java.lang.String"
            writeable="true"/>

        <attribute name="providerUrl"
            description="java.naming.provider.url"
            type="java.lang.String"
            writeable="true"/>

        <attribute name="securityAuthentication"
            description="java.naming.security.authentication"
            type="java.lang.String"
            writeable="true"/>

        <attribute name="rolesCtxDN"
            description="The fixed distinguished name to the context to search for user roles."
            type="java.lang.String"
            writeable="true"/>

        <attribute name="uidAttributeID"
            description="the name of the attribute that, in the object containing the user roles, references role members."
            type="java.lang.String"
            writeable="true"/>

        <attribute name="roleAttributeID"
            description="The name of the attribute that contains the role name"
            type="java.lang.String"
            writeable="true"/>

        <attribute name="securityPrincipal"
            description="The DN of the user to be used to bind to the LDAP Server"
            type="java.lang.String"
            writeable="true"/>

        <attribute name="securityCredential"
            description="The securityPrincipal password to be used for binding to the LDAP Server."
            type="java.lang.String"
            writeable="true"/>

        <attribute name="principalUidAttributeID"
            description="The name of the attribute that contains the user login name. This is used to locate the user."
            type="java.lang.String"
            writeable="true"/>

        <attribute name="usersCtxDN"
            description="The fixed distinguished name to the context to search for user accounts."
            type="java.lang.String"
            writeable="true"/>

        <attribute name="ldapSearchScope"
           description="The LDAP search scope used to search for users, valid values are ONELEVEL, SUBTREE"
           type="java.lang.String"
           writeable="true"/>

        <attribute name="credentialQueryString"
            description="The query string to obtain user credentials. It should have the following format : user_attribute_name=credential_attribute_name,... For example : uid=username,userPassword=password"
            type="java.lang.String"
            writeable="true"/>

        <attribute name="userPropertiesQueryString"
            description="The query string to obtain user properties. It should have the following format : ldap_attribute_name=user_attribute_name,... For example : mail=mail,cn=description"
            type="java.lang.String"
            writeable="true"/>


    </mbean>

    <mbean name="LDAPBindIdentityStore"
        className="org.josso.util.mbeans.JOSSOBaseMBean"
        description="An implementation of an Identity and Credential Store which obtains credential, user and role information from an LDAP server using JNDI, based on the configuration properties."
        domain="josso"
        group="IdentityStore"
        type="org.josso.gateway.identity.service.store.ldap.LDAPBindIdentityStore">

        <attribute name="className"
            description="Fully qualified class name of the managed object"
            type="java.lang.String"
            writeable="false"/>

        <attribute name="initialContextFactory"
            description="java.naming.factory.initial"
            type="java.lang.String"
            writeable="true"/>

        <attribute name="securityProtocol"
            description="java.naming.security.protocol"
            type="java.lang.String"
            writeable="true"/>

        <attribute name="providerUrl"
            description="java.naming.provider.url"
            type="java.lang.String"
            writeable="true"/>

        <attribute name="securityAuthentication"
            description="java.naming.security.authentication"
            type="java.lang.String"
            writeable="true"/>

        <attribute name="rolesCtxDN"
            description="The fixed distinguished name to the context to search for user roles."
            type="java.lang.String"
            writeable="true"/>

        <attribute name="uidAttributeID"
            description="the name of the attribute that, in the object containing the user roles, references role members."
            type="java.lang.String"
            writeable="true"/>

        <attribute name="roleAttributeID"
            description="The name of the attribute that contains the role name"
            type="java.lang.String"
            writeable="true"/>

        <attribute name="securityPrincipal"
            description="The DN of the user to be used to bind to the LDAP Server"
            type="java.lang.String"
            writeable="true"/>

        <attribute name="securityCredential"
            description="The securityPrincipal password to be used for binding to the LDAP Server."
            type="java.lang.String"
            writeable="true"/>

        <attribute name="principalUidAttributeID"
            description="The name of the attribute that contains the user login name. This is used to locate the user."
            type="java.lang.String"
            writeable="true"/>

        <attribute name="usersCtxDN"
            description="The fixed distinguished name to the context to search for user accounts."
            type="java.lang.String"
            writeable="true"/>

        <attribute name="ldapSearchScope"
           description="The LDAP search scope used to search for users, valid values are ONELEVEL, SUBTREE"
           type="java.lang.String"
           writeable="true"/>

        <attribute name="credentialQueryString"
            description="The query string to obtain user credentials. It should have the following format : user_attribute_name=credential_attribute_name,... For example : uid=username,userPassword=password"
            type="java.lang.String"
            writeable="true"/>

        <attribute name="userPropertiesQueryString"
            description="The query string to obtain user properties. It should have the following format : ldap_attribute_name=user_attribute_name,... For example : mail=mail,cn=description"
            type="java.lang.String"
            writeable="true"/>


    </mbean>
</mbeans-descriptors>