<?xml version="1.0"?>
<!--
  ~   Copyright (c) 2004-2006, Novascope S.A. and the JOSSO team
  ~    All rights reserved.
  ~    Redistribution and use in source and binary forms, with or
  ~    without modification, are permitted provided that the following
  ~    conditions are met:
  ~
  ~    * Redistributions of source code must retain the above copyright
  ~      notice, this list of conditions and the following disclaimer.
  ~
  ~    * Redistributions in binary form must reproduce the above copyright
  ~      notice, this list of conditions and the following disclaimer in
  ~      the documentation and/or other materials provided with the
  ~      distribution.
  ~
  ~    * Neither the name of the JOSSO team nor the names of its
  ~      contributors may be used to endorse or promote products derived
  ~      from this software without specific prior written permission.
  ~
  ~    THIS SOFTWARE IS PROVIDED BY THE COPYRIGHT HOLDERS AND
  ~    CONTRIBUTORS "AS IS" AND ANY EXPRESS OR IMPLIED WARRANTIES,
  ~    INCLUDING, BUT NOT LIMITED TO, THE IMPLIED WARRANTIES OF
  ~    MERCHANTABILITY AND FITNESS FOR A PARTICULAR PURPOSE ARE
  ~    DISCLAIMED. IN NO EVENT SHALL THE COPYRIGHT OWNER OR CONTRIBUTORS
  ~    BE LIABLE FOR ANY DIRECT, INDIRECT, INCIDENTAL, SPECIAL,
  ~    EXEMPLARY, OR CONSEQUENTIAL DAMAGES (INCLUDING, BUT NOT LIMITED
  ~    TO, PROCUREMENT OF SUBSTITUTE GOODS OR SERVICES; LOSS OF USE,
  ~    DATA, OR PROFITS; OR BUSINESS INTERRUPTION) HOWEVER CAUSED AND ON
  ~    ANY THEORY OF LIABILITY, WHETHER IN CONTRACT, STRICT LIABILITY,
  ~    OR TORT (INCLUDING NEGLIGENCE OR OTHERWISE) ARISING IN ANY WAY
  ~    OUT OF THE USE OF THIS SOFTWARE, EVEN IF ADVISED OF THE
  ~    POSSIBILITY OF SUCH DAMAGE.
  -->

<mbeans-descriptors>

    <mbean name="WebserviceGatewayServiceLocator"
        className="org.josso.util.mbeans.JOSSOBaseMBean"
        description="Service Locator for Gateway Services available as Webservices."
        domain="josso"
        group="SessionManager"
        type="org.josso.gateway.WebserviceGatewayServiceLocator">

        <attribute name="className"
            description="Fully qualified class name of the managed object"
            type="java.lang.String"
            writeable="false"/>

        <attribute name="endpoint"
            description="SOAP end point, e.g. localhost:8080"
            type="java.lang.String"
            writeable="true"/>

        <attribute name="transportSecurity"
            description="Transport security used in SOAP messages, valid values are : none, confidential"
            type="java.lang.String"
            writeable="true"/>

        <attribute name="username"
            description="Username used to authenticate SOAP messages"
            type="java.lang.String"
            writeable="true"/>

        <attribute name="password"
            description="Passowrd used to authenticate SOAP messages (writeable only)"
            type="java.lang.String"
            writeable="true"
            readable="false"/>

    </mbean>

    <mbean name="SSOGatewayInfo"
        className="org.josso.util.mbeans.JOSSOBaseMBean"
        description="JOSSO Gateway Information"
        domain="josso"
        group="SSOGatewayInfo"
        type="org.josso.gateway.SSOGatewayInfo">

        <attribute name="className"
            description="Fully qualified class name of the managed object"
            type="java.lang.String"
            writeable="false"/>

        <attribute name="maxSessionCount"
            description="Max number of open sessions"
            type="java.lang.Long"
            writeable="false"/>


        <attribute name="sessionCount"
            description="Total number of open sessions"
            type="java.lang.Long"
            writeable="false"/>

        <attribute name="name"
            description="Product name"
            type="java.lang.String"
            writeable="false"/>

        <attribute name="fullName"
            description="Product full name"
            type="java.lang.String"
            writeable="false"/>

        <attribute name="version"
            description="Product version"
            type="java.lang.String"
            writeable="false"/>

        <operation name="listSessions"
            description="Lists all SSO sessions"
            impact="INFO"
            returnType="java.util.Collection"/>

        <operation name="listUserSessions"
            description="Lists all SSO sessions related to a user"
            impact="INFO"
            returnType="java.util.Collection">
            <parameter name="username"
                description="SSO username"
                type="java.lang.String"/>
        </operation>

        <operation name="invalidateUserSessions"
            description="Invalidate all open SSO sessions related to the given user"
            impact="ACTION"
            returnType="void" >
            <parameter name="username"
                description="SSO username"
                type="java.lang.String"/>
        </operation>            


        <operation name="invalidateAll"
            description="Invalidate all open SSO sessions"
            impact="ACTION"
            returnType="void" />

        <operation name="invalidate"
            description="Invalidate SSO session whose id is specified"
            impact="ACTION"
            returnType="void">
            <parameter name="sessionId"
                description="SSO Session Id"
                type="java.lang.String"/>
        </operation>

        <operation name="checkValidSessions"
            description="Force a check to detectec expired SSO sessions"
            impact="ACTION"
            returnType="void" />

        <operation name="userExists"
            description="Validates that the received username matchs an existing user."
            impact="INFO"
            returnType="boolean">
            <parameter name="username"
                description="User login name"
                type="java.lang.String"/>

        </operation>



    </mbean>


</mbeans-descriptors>
