<?xml version="1.0" encoding="UTF-8"?>
<!--
  ~   Copyright (c) 2004-2006, Novascope S.A. and the JOSSO team
  ~    All rights reserved.
  ~    Redistribution and use in source and binary forms, with or
  ~    without modification, are permitted provided that the following
  ~    conditions are met:
  ~
  ~    * Redistributions of source code must retain the above copyright
  ~      notice, this list of conditions and the following disclaimer.
  ~
  ~    * Redistributions in binary form must reproduce the above copyright
  ~      notice, this list of conditions and the following disclaimer in
  ~      the documentation and/or other materials provided with the
  ~      distribution.
  ~
  ~    * Neither the name of the JOSSO team nor the names of its
  ~      contributors may be used to endorse or promote products derived
  ~      from this software without specific prior written permission.
  ~
  ~    THIS SOFTWARE IS PROVIDED BY THE COPYRIGHT HOLDERS AND
  ~    CONTRIBUTORS "AS IS" AND ANY EXPRESS OR IMPLIED WARRANTIES,
  ~    INCLUDING, BUT NOT LIMITED TO, THE IMPLIED WARRANTIES OF
  ~    MERCHANTABILITY AND FITNESS FOR A PARTICULAR PURPOSE ARE
  ~    DISCLAIMED. IN NO EVENT SHALL THE COPYRIGHT OWNER OR CONTRIBUTORS
  ~    BE LIABLE FOR ANY DIRECT, INDIRECT, INCIDENTAL, SPECIAL,
  ~    EXEMPLARY, OR CONSEQUENTIAL DAMAGES (INCLUDING, BUT NOT LIMITED
  ~    TO, PROCUREMENT OF SUBSTITUTE GOODS OR SERVICES; LOSS OF USE,
  ~    DATA, OR PROFITS; OR BUSINESS INTERRUPTION) HOWEVER CAUSED AND ON
  ~    ANY THEORY OF LIABILITY, WHETHER IN CONTRACT, STRICT LIABILITY,
  ~    OR TORT (INCLUDING NEGLIGENCE OR OTHERWISE) ARISING IN ANY WAY
  ~    OUT OF THE USE OF THIS SOFTWARE, EVEN IF ADVISED OF THE
  ~    POSSIBILITY OF SUCH DAMAGE.
  -->

<!DOCTYPE Dashboard PUBLIC "-//MC4J//DTD Dashboard 1.0//EN" "http://mc4j.sourceforge.net/Dashboard_1_0.dtd">

<Dashboard version="1.0" name="JOSSO Session Meter">
  <Description>This dashboard displays session usage of JOSSO Gateway.</Description>

  <DashboardMatch type="Global" location="/JOSSO/Gateway">
      <BeanMatch id="SSOGatewayInfoMBean" type="Single">
          <Condition type="BeanObjectNameCondition" filter="^josso:type=SSOGatewayInfo$"/>
      </BeanMatch>
  </DashboardMatch>


    <!--
  <Context name="Match" type="java.lang.String" value="jboss.system:type=ServerInfo"/>
  -->
  
  <LayoutManager type="java.awt.BorderLayout"/>
  <Content>
    
    <!-- *** The header section displays title and a refresh control *** -->
    <Component type="javax.swing.JPanel">
        <Constraint type="BorderConstraints" direction="NORTH"/>
        <LayoutManager type="java.awt.BorderLayout"/>
        <Border type="javax.swing.border.EmptyBorder" top="(Literal)2" left="(Literal)5" bottom="(Literal)2" right="(Literal)5"/>
        <Content>
            <Component type="javax.swing.JPanel">
                <Constraint type="BorderConstraints" direction="CENTER"/>
                <LayoutManager type="java.awt.BorderLayout"/>
                <Content>
                    <Component type="javax.swing.JLabel" id="titleLable">
                        <Constraint type="BorderConstraints" direction="CENTER"/>
                        <Attribute name="text" value="DashboardName"/>
                        <Attribute name="font" value="(Literal)SansSerif bold 20"/>
                        <Attribute name="foreground" value="(Literal)0x666666"/>
                    </Component>
                    <Component type="javax.swing.JTextArea">
                        <Constraint type="BorderConstraints" direction="SOUTH"/>
                        <Attribute name="text" value="DashboardDescription"/>
                        <Attribute name="font" value="(Literal)DialogInput bold 14"/>
                        <Attribute name="opaque" value="(Literal)false"/>
                        <Attribute name="editable" value="(Literal)false"/>
                    </Component>
                </Content>
            </Component>
        </Content>
    </Component>
    

    <Component type="org.mc4j.console.dashboard.components.NumericAttributeGaugeMeter">
        <Constraint type="BorderConstraints" direction="CENTER"/>
        <Attribute name="beanNode" value="SSOGatewayInfoMBean"/>
        <Attribute name="maxAttributeName" value="(Literal)maxSessionCount"/>
        <Attribute name="currentAttributeName" value="(Literal)sessionCount"/>
        <!--<Attribute name="minimumSize" value="(Literal)50,50"/>-->
        <Attribute name="label" value="(Literal)Sessions"/>
        <Attribute name="updateInterval" value="(Literal)10000"/>
        <Attribute name="warningPoint" value="(Literal)0.7"/>
        <Attribute name="criticalPoint" value="(Literal)0.95"/>
        <Attribute name="title" value="(Literal)JOSSO Sessions"/>
        <Attribute name="units" value="(Literal)SSO Sessions"/>

    </Component>

  </Content>
</Dashboard>
