<?xml version="1.0" encoding="UTF-8"?>
<!--
  ~   Copyright (c) 2004-2006, Novascope S.A. and the JOSSO team
  ~    All rights reserved.
  ~    Redistribution and use in source and binary forms, with or
  ~    without modification, are permitted provided that the following
  ~    conditions are met:
  ~
  ~    * Redistributions of source code must retain the above copyright
  ~      notice, this list of conditions and the following disclaimer.
  ~
  ~    * Redistributions in binary form must reproduce the above copyright
  ~      notice, this list of conditions and the following disclaimer in
  ~      the documentation and/or other materials provided with the
  ~      distribution.
  ~
  ~    * Neither the name of the JOSSO team nor the names of its
  ~      contributors may be used to endorse or promote products derived
  ~      from this software without specific prior written permission.
  ~
  ~    THIS SOFTWARE IS PROVIDED BY THE COPYRIGHT HOLDERS AND
  ~    CONTRIBUTORS "AS IS" AND ANY EXPRESS OR IMPLIED WARRANTIES,
  ~    INCLUDING, BUT NOT LIMITED TO, THE IMPLIED WARRANTIES OF
  ~    MERCHANTABILITY AND FITNESS FOR A PARTICULAR PURPOSE ARE
  ~    DISCLAIMED. IN NO EVENT SHALL THE COPYRIGHT OWNER OR CONTRIBUTORS
  ~    BE LIABLE FOR ANY DIRECT, INDIRECT, INCIDENTAL, SPECIAL,
  ~    EXEMPLARY, OR CONSEQUENTIAL DAMAGES (INCLUDING, BUT NOT LIMITED
  ~    TO, PROCUREMENT OF SUBSTITUTE GOODS OR SERVICES; LOSS OF USE,
  ~    DATA, OR PROFITS; OR BUSINESS INTERRUPTION) HOWEVER CAUSED AND ON
  ~    ANY THEORY OF LIABILITY, WHETHER IN CONTRACT, STRICT LIABILITY,
  ~    OR TORT (INCLUDING NEGLIGENCE OR OTHERWISE) ARISING IN ANY WAY
  ~    OUT OF THE USE OF THIS SOFTWARE, EVEN IF ADVISED OF THE
  ~    POSSIBILITY OF SUCH DAMAGE.
  -->

<!DOCTYPE Dashboard PUBLIC "-//MC4J//DTD Dashboard 1.0//EN" "http://mc4j.sourceforge.net/Dashboard_1_0.dtd">


<Dashboard version="1.0" name="JOSSO Gateway Statistics">
  
  <Description>This dashboard shows the statistics of a JOSSO Gateway.</Description>
 
  <DashboardMatch type="Global" location="/JOSSO/Gateway" >

      <BeanMatch id="SessionManager" type="Single">
          <Condition type="BeanObjectNameCondition" filter="^josso:type=SSOSessionManager$"/>
      </BeanMatch>

      <BeanMatch id="SSOAuthenticator" type="Single">
          <Condition type="BeanObjectNameCondition" filter="^josso:type=Authenticator$"/>
      </BeanMatch>

  </DashboardMatch>

  <LayoutManager type="java.awt.BorderLayout"/>
  <Content>
    
    <!-- *** The header section displays title and a refresh control *** -->
    <Component type="javax.swing.JPanel">
        <Constraint type="BorderConstraints" direction="NORTH"/>
        <LayoutManager type="java.awt.BorderLayout"/>
        <Border type="javax.swing.border.EmptyBorder" top="(Literal)2" left="(Literal)5" bottom="(Literal)2" right="(Literal)5"/>
        <Content>
            <Component type="javax.swing.JPanel">
                <Constraint type="BorderConstraints" direction="CENTER"/>
                <LayoutManager type="java.awt.BorderLayout"/>
                <Content>
                    <Component type="javax.swing.JLabel" id="titleLable">
                        <Constraint type="BorderConstraints" direction="CENTER"/>
                        <Attribute name="text" value="DashboardName"/>
                        <Attribute name="font" value="(Literal)SansSerif bold 20"/>
                        <Attribute name="foreground" value="(Literal)0x666666"/>
                    </Component>
                    <Component type="javax.swing.JTextArea">
                        <Constraint type="BorderConstraints" direction="SOUTH"/>
                        <Attribute name="text" value="DashboardDescription"/>
                        <Attribute name="font" value="(Literal)DialogInput bold 14"/>
                        <Attribute name="opaque" value="(Literal)false"/>
                        <Attribute name="editable" value="(Literal)false"/>
                    </Component>
                </Content>
            </Component>
            <Component type="org.mc4j.console.dashboard.components.RefreshControlComponent">
                <Constraint type="BorderConstraints" direction="EAST"/>
                <Attribute name="refreshDelay" value="(Literal)1000"/>
            </Component>
        </Content>
    </Component>
    
    
    <!-- *** Scroll pane of info *** -->
    <Component type="javax.swing.JScrollPane">
            <Attribute name="background" value="(Literal)0xFFFFFF"/>
            <Content>
                <Component type="javax.swing.JPanel">
                    <Attribute name="background" value="(Literal)0xFFFFFF"/>
    
                    <Constraint type="BorderConstraints" direction="CENTER"/>
    
                    <Attribute name="preferredSize" value="100,100"/>
    
                    <LayoutManager type="java.awt.BoxLayout" axis="Y_AXIS"/>
                    <Content>
                        <Component type="org.mc4j.console.swing.SectionHolder">
                            <Attribute name="title" value="(Literal)Session Information"/>
                            <Attribute name="background" value="(Literal)0xFFFFFF"/>
                            <LayoutManager type="java.awt.GridLayout" rows="1" cols="2"/>
                            <Content>
                                <Component type="org.mc4j.console.dashboard.components.NumericAttributeGraph">
                                    <Attribute name="beanNode" value="SessionManager"/>
                                    <Attribute name="preferredSize" value="(Literal)400,150"/>
                                    <Attribute name="attributeName" value="(Literal)sessionCount"/>
                                 </Component>
                                <!--
                                 <Component type="org.mc4j.console.dashboard.components.NumericAttributeGraph">
                                     <Attribute name="beanNode" value="Authenticator"/>
                                     <Attribute name="preferredSize" value="(Literal)400,150"/>
                                     <Attribute name="attributeName" value="(Literal)authCount"/>
                                     <Attribute name="attributeName" value="(Literal)authFailures"/>
                                 </Component>
                                 -->
                            </Content>
                        </Component>
                        <Component type="org.mc4j.console.swing.SectionHolder">
                            <Attribute name="title" value="(Literal)Authentications Information"/>
                            <Attribute name="background" value="(Literal)0xFFFFFF"/>
                            <LayoutManager type="java.awt.GridLayout" rows="1" cols="2"/>
                            <Content>
                                <Component type="org.mc4j.console.dashboard.components.NumericAttributeGraph">
                                    <Attribute name="beanNode" value="SSOAuthenticator"/>
                                    <Attribute name="preferredSize" value="(Literal)400,150"/>
                                    <Attribute name="attributeName" value="(Literal)authCount"/>
                                    <Attribute name="attributeName" value="(Literal)authFailures"/>
                                 </Component>
                             </Content>
                        </Component>
                        <Component type="org.mc4j.console.dashboard.components.FillerComponent">
                            <Attribute name="type" value="(Literal)VERTICAL_GLUE_SHAPE"/>
                        </Component>
                    </Content>

                </Component>
            </Content>
    </Component>


  </Content>
</Dashboard>