<?xml version="1.0"?>

<!--
  ~   Copyright (c) 2004-2006, Novascope S.A. and the JOSSO team
  ~    All rights reserved.
  ~    Redistribution and use in source and binary forms, with or
  ~    without modification, are permitted provided that the following
  ~    conditions are met:
  ~
  ~    * Redistributions of source code must retain the above copyright
  ~      notice, this list of conditions and the following disclaimer.
  ~
  ~    * Redistributions in binary form must reproduce the above copyright
  ~      notice, this list of conditions and the following disclaimer in
  ~      the documentation and/or other materials provided with the
  ~      distribution.
  ~
  ~    * Neither the name of the JOSSO team nor the names of its
  ~      contributors may be used to endorse or promote products derived
  ~      from this software without specific prior written permission.
  ~
  ~    THIS SOFTWARE IS PROVIDED BY THE COPYRIGHT HOLDERS AND
  ~    CONTRIBUTORS "AS IS" AND ANY EXPRESS OR IMPLIED WARRANTIES,
  ~    INCLUDING, BUT NOT LIMITED TO, THE IMPLIED WARRANTIES OF
  ~    MERCHANTABILITY AND FITNESS FOR A PARTICULAR PURPOSE ARE
  ~    DISCLAIMED. IN NO EVENT SHALL THE COPYRIGHT OWNER OR CONTRIBUTORS
  ~    BE LIABLE FOR ANY DIRECT, INDIRECT, INCIDENTAL, SPECIAL,
  ~    EXEMPLARY, OR CONSEQUENTIAL DAMAGES (INCLUDING, BUT NOT LIMITED
  ~    TO, PROCUREMENT OF SUBSTITUTE GOODS OR SERVICES; LOSS OF USE,
  ~    DATA, OR PROFITS; OR BUSINESS INTERRUPTION) HOWEVER CAUSED AND ON
  ~    ANY THEORY OF LIABILITY, WHETHER IN CONTRACT, STRICT LIABILITY,
  ~    OR TORT (INCLUDING NEGLIGENCE OR OTHERWISE) ARISING IN ANY WAY
  ~    OUT OF THE USE OF THIS SOFTWARE, EVEN IF ADVISED OF THE
  ~    POSSIBILITY OF SUCH DAMAGE.
  -->

<!--
Skin configuration file. This file contains details of your project, which will
be used to configure the chosen Forrest skin.
-->

<!DOCTYPE skinconfig [

  <!ENTITY % links.att 'name CDATA #REQUIRED'>
  <!ENTITY % link.att 'name CDATA #REQUIRED href CDATA #REQUIRED'>
  <!ELEMENT skinconfig (disable-search?, disable-print-link?, disable-pdf-link?,
  disable-xml-link?, disable-compliance-links?, obfuscate-mail-links?, searchsite-domain?, searchsite-name?,
  project-name, project-description?, project-url, project-logo, group-name?, group-description?, group-url?, group-logo?,
  host-url?, host-logo?, year?, vendor?, trail?, toc?, credits?)*>
  <!ELEMENT credits (credit*)>
  <!ELEMENT credit (name, url, image?, width?, height?)>
  <!-- id uniquely identifies the tool, and role indicates its function -->
  <!ATTLIST credit id   CDATA #IMPLIED
                   role CDATA #IMPLIED>
  <!ELEMENT disable-search (#PCDATA)>
  <!ELEMENT disable-print-link (#PCDATA)>
  <!ELEMENT disable-pdf-link (#PCDATA)>
  <!ELEMENT disable-xml-link (#PCDATA)>    
  <!ELEMENT disable-compliance-links (#PCDATA)>   
  <!ELEMENT obfuscate-mail-links (#PCDATA)>   
  <!ELEMENT searchsite-domain (#PCDATA)>
  <!ELEMENT searchsite-name (#PCDATA)>  
  <!ELEMENT project-name (#PCDATA)>
  <!ELEMENT project-description (#PCDATA)>
  <!ELEMENT project-url (#PCDATA)>
  <!ELEMENT project-logo (#PCDATA)>
  <!ELEMENT group-name (#PCDATA)>
  <!ELEMENT group-description (#PCDATA)>
  <!ELEMENT group-url (#PCDATA)>
  <!ELEMENT group-logo (#PCDATA)>
  <!ELEMENT host-url (#PCDATA)>
  <!ELEMENT host-logo (#PCDATA)>
  <!ELEMENT year (#PCDATA)>
  <!ELEMENT vendor (#PCDATA)>
  <!ELEMENT trail (link1, link2, link3)>
  <!ELEMENT link1 EMPTY>
  <!-- Seems we can't use param entity refs until this is DTDified -->
  <!ATTLIST link1 name CDATA #REQUIRED href CDATA #IMPLIED>
  <!ELEMENT link2 EMPTY>
  <!ATTLIST link2 name CDATA #REQUIRED href CDATA #IMPLIED>
  <!ELEMENT link3 EMPTY>
  <!ATTLIST link3 name CDATA #REQUIRED href CDATA #IMPLIED>
  <!ELEMENT name (#PCDATA)>
  <!ELEMENT url (#PCDATA)>
  <!ELEMENT image (#PCDATA)>
  <!ELEMENT width (#PCDATA)>
  <!ELEMENT height (#PCDATA)>
  <!ELEMENT toc EMPTY>
  <!ATTLIST toc level CDATA #IMPLIED>
  ]>

<skinconfig>
    <!-- Do we want to disable the Google search box? -->
    <disable-search>false</disable-search>
    <!-- Do we want to disable the print link? If enabled, invalid HTML 4.0.1 -->
    <disable-print-link>true</disable-print-link>
    <!-- Do we want to disable the PDF link? -->
    <disable-pdf-link>false</disable-pdf-link>
    <!-- Do we want to disable the xml source link? -->
    <disable-xml-link>true</disable-xml-link>
    <!-- Do we want to disable w3c compliance links? -->
    <disable-compliance-links>false</disable-compliance-links>
    <!-- Whether to render mailto: links unrecognisable by spam harvesters -->
    <obfuscate-mail-links>true</obfuscate-mail-links>

    <searchsite-domain>josso.org</searchsite-domain>
    <searchsite-name>JOSSO</searchsite-name>

    <!-- mandatory project logo
         skin: forrest-site renders it at the top -->
    <project-name>JOSSO</project-name>
    <project-description>Java Open Single SignOn</project-description>
    <project-url>http://www.josso.org/</project-url>
    <project-logo>images/josso-logo.gif</project-logo>
    <!-- Alternative static image:
     <project-logo>images/project-logo.gif</project-logo> -->

    <!-- optional group logo
         skin: forrest-site renders it at the top-left corner
    <group-name>MyGroup</group-name>
    <group-description>MyGroup Description</group-description>
    <group-url>http://mygroup.org</group-url>
    <group-logo>images/group.png</group-logo>
    -->
    <!-- Alternative static image:
    <group-logo>images/group-logo.gif</group-logo> -->

    <!-- optional host logo (e.g. sourceforge logo)
         skin: forrest-site renders it at the bottom-left corner
    <host-url>http://sourceforge.net/projects/josso/</host-url>
    <host-logo></host-logo>
    -->

    <!-- The following are used to construct a copyright statement -->
    <year>2004</year>
    <vendor>The JOSSO Team</vendor>

    <!-- Some skins use this to form a 'breadcrumb trail' of links. If you don't
    want these, set the attributes to blank. The DTD purposefully requires them.
    -->
    <trail>
        <link1 name="" href=""/>
        <link2 name="" href=""/>
        <link3 name="" href=""/>
    </trail>

    <!-- Configure how many "section" levels need to be included in the
    generated Table of Contents (TOC). By default, if no toc element is provided
    below, then 2 levels are included. Level 0 does not generate any TOC at all.
    -->
    <toc level="2"/>

    <!-- Credits are typically rendered as a set of small clickable images in the
    page footer -->
    <credits>

        <credit>
            <name>Built with Apache Forrest</name>
            <url>http://xml.apache.org/forrest/</url>
            <image>images/built-with-forrest-button.png</image>
            <width>88</width>
            <height>31</height>
        </credit>

        <credit>
            <name>SourceForge.net</name>
            <url>http://sourceforge.net/projects/josso</url>
            <image>http://sourceforge.net/sflogo.php?group_id=116854</image>
            <width>88</width>
            <height>31</height>
        </credit>

        <!-- A credit with @role='pdf' will have its name and url displayed in the
        PDF page's footer. -->
    </credits>

</skinconfig>
