<?xml version="1.0"?>
<!--
  ~   Copyright (c) 2004-2006, Novascope S.A. and the JOSSO team
  ~    All rights reserved.
  ~    Redistribution and use in source and binary forms, with or
  ~    without modification, are permitted provided that the following
  ~    conditions are met:
  ~
  ~    * Redistributions of source code must retain the above copyright
  ~      notice, this list of conditions and the following disclaimer.
  ~
  ~    * Redistributions in binary form must reproduce the above copyright
  ~      notice, this list of conditions and the following disclaimer in
  ~      the documentation and/or other materials provided with the
  ~      distribution.
  ~
  ~    * Neither the name of the JOSSO team nor the names of its
  ~      contributors may be used to endorse or promote products derived
  ~      from this software without specific prior written permission.
  ~
  ~    THIS SOFTWARE IS PROVIDED BY THE COPYRIGHT HOLDERS AND
  ~    CONTRIBUTORS "AS IS" AND ANY EXPRESS OR IMPLIED WARRANTIES,
  ~    INCLUDING, BUT NOT LIMITED TO, THE IMPLIED WARRANTIES OF
  ~    MERCHANTABILITY AND FITNESS FOR A PARTICULAR PURPOSE ARE
  ~    DISCLAIMED. IN NO EVENT SHALL THE COPYRIGHT OWNER OR CONTRIBUTORS
  ~    BE LIABLE FOR ANY DIRECT, INDIRECT, INCIDENTAL, SPECIAL,
  ~    EXEMPLARY, OR CONSEQUENTIAL DAMAGES (INCLUDING, BUT NOT LIMITED
  ~    TO, PROCUREMENT OF SUBSTITUTE GOODS OR SERVICES; LOSS OF USE,
  ~    DATA, OR PROFITS; OR BUSINESS INTERRUPTION) HOWEVER CAUSED AND ON
  ~    ANY THEORY OF LIABILITY, WHETHER IN CONTRACT, STRICT LIABILITY,
  ~    OR TORT (INCLUDING NEGLIGENCE OR OTHERWISE) ARISING IN ANY WAY
  ~    OUT OF THE USE OF THIS SOFTWARE, EVEN IF ADVISED OF THE
  ~    POSSIBILITY OF SUCH DAMAGE.
  -->
<project name="admin">

  <description>
    Admin targets
  </description>

  <target name="generate-plugins.properties" depends="init">
    <xslt in="${src}/plugins/plugins.xml"
          out="${src}/plugins/plugins.properties"
          style="${tools.src}/plugins2properties.xsl"
          force="true"/>
  </target>

  <target name="xupdate" depends="compile-core">

      <java fork="yes" classname="org.josso.XUpdate" taskname="xupdate" failonerror="true">
          <arg value="xu-cmd-1.xml"/>
          <arg value="data.xml"/>
          <!--
          <sysproperty key="java.naming.factory.initial" value="com.evermind.server.rmi.RMIInitialContextFactory"/>
          <sysproperty key="java.naming.provider.url" value="ormi://130.5.5.1:3101/fnomceo-provider"/>
          <sysproperty key="java.naming.security.principal" value="portal"/>
          <sysproperty key="java.naming.security.credentials" value="goforit3"/>
          -->
          <classpath refid="classpath"/>
      </java>

  </target>

</project>