<?xml version="1.0"?>
<!--
  ~   Copyright (c) 2004-2006, Novascope S.A. and the JOSSO team
  ~    All rights reserved.
  ~    Redistribution and use in source and binary forms, with or
  ~    without modification, are permitted provided that the following
  ~    conditions are met:
  ~
  ~    * Redistributions of source code must retain the above copyright
  ~      notice, this list of conditions and the following disclaimer.
  ~
  ~    * Redistributions in binary form must reproduce the above copyright
  ~      notice, this list of conditions and the following disclaimer in
  ~      the documentation and/or other materials provided with the
  ~      distribution.
  ~
  ~    * Neither the name of the JOSSO team nor the names of its
  ~      contributors may be used to endorse or promote products derived
  ~      from this software without specific prior written permission.
  ~
  ~    THIS SOFTWARE IS PROVIDED BY THE COPYRIGHT HOLDERS AND
  ~    CONTRIBUTORS "AS IS" AND ANY EXPRESS OR IMPLIED WARRANTIES,
  ~    INCLUDING, BUT NOT LIMITED TO, THE IMPLIED WARRANTIES OF
  ~    MERCHANTABILITY AND FITNESS FOR A PARTICULAR PURPOSE ARE
  ~    DISCLAIMED. IN NO EVENT SHALL THE COPYRIGHT OWNER OR CONTRIBUTORS
  ~    BE LIABLE FOR ANY DIRECT, INDIRECT, INCIDENTAL, SPECIAL,
  ~    EXEMPLARY, OR CONSEQUENTIAL DAMAGES (INCLUDING, BUT NOT LIMITED
  ~    TO, PROCUREMENT OF SUBSTITUTE GOODS OR SERVICES; LOSS OF USE,
  ~    DATA, OR PROFITS; OR BUSINESS INTERRUPTION) HOWEVER CAUSED AND ON
  ~    ANY THEORY OF LIABILITY, WHETHER IN CONTRACT, STRICT LIABILITY,
  ~    OR TORT (INCLUDING NEGLIGENCE OR OTHERWISE) ARISING IN ANY WAY
  ~    OUT OF THE USE OF THIS SOFTWARE, EVEN IF ADVISED OF THE
  ~    POSSIBILITY OF SUCH DAMAGE.
  -->
<project name="compile">

    <description>
        Compilation Targets
    </description>

    <!-- compiles everything -->
    <target name="compile"
        depends="compile-core,compile-plugins"/>

    <target name="prepare-compile" depends="prepare">
        <!-- copy those files that need to be in the classpath -->
        <copy todir="${build.dest}">
            <fileset dir="${java}">
                <exclude name="**/*.java"/>
            </fileset>
            <fileset dir="${resources}" includes="client-config.wsdd"/>
        </copy>
    </target>

    <!-- compiles the core -->
    <target name="compile-core" depends="prepare-compile,generate-stubs,update-stubs">

        <!-- compile core source files -->
        <javac srcdir="${java}"
            destdir="${build.dest}"
            debug="${compiler.debug}"
            optimize="${compiler.optimize}"
            deprecation="${compiler.deprecation}"
            target="${target.vm}"
            nowarn="${compiler.nowarn}"
            compiler="${compiler}"
            classpathref="classpath"/>
    </target>

    <target name="update-stubs" depends="update-session-manager-stubs,update-identity-manager-stubs,update-event-manager-client-stubs"/>

    <!-- Generate Webservice stubs -->
    <target name="generate-stubs" depends="generate-session-manager-stubs,generate-identity-manager-stubs,generate-event-manager-client-stubs"/>

    <!-- Generate WSDL file and check if sutbs ar updtodate -->
    <target name="generate-session-manager-stubs">

        <!-- compile core source files -->
        <javac srcdir="${java}"
            includes="org/josso/gateway/session/service/*.java,org/josso/gateway/session/service/*.java,org/josso/gateway/session/exceptions/*.java,"
            destdir="${build.dest}"
            debug="${compiler.debug}"
            optimize="${compiler.optimize}"
            deprecation="${compiler.deprecation}"
            target="${target.vm}"
            nowarn="${compiler.nowarn}"
            compiler="${compiler}"
            classpathref="classpath"/>

        <!-- Generate WSDL Descriptor for the SSOSessionManager Service -->
        <axis-java2wsdl
            classname="org.josso.gateway.session.service.SSOSessionManager"
            exclude="setSessionStore,setSessionIdGenerator"
            output="${build.generated}/ssosessionmanager.wsdl"
            location="http://localhost:8080/josso/services/SSOSessionManager"
            namespace="http://josso.org/gateway/session/service/ws/impl"
            namespaceImpl="http://josso.org/gateway/session/service/ws/impl">

            <classpath>
                <path location="${tools.tasks.dest}"/>
            </classpath>

            <complextype classname="org.josso.gateway.session.exceptions.SSOSessionException"
                namespace="http://josso.org/gateway/session/service/ws/impl">
            </complextype>

            <complextype classname="org.josso.gateway.session.exceptions.NoSuchSessionException"
                namespace="http://josso.org/gateway/session/service/ws/impl">
            </complextype>

            <complextype classname="org.josso.gateway.session.exceptions.TooManyOpenSessionsException"
                namespace="http://josso.org/gateway/session/service/ws/impl">
            </complextype>

            <complextype classname="org.josso.gateway.session.SSOSession"
                namespace="http://josso.org/gateway/session/service/ws/impl">
            </complextype>

        </axis-java2wsdl>

        <!-- Generate Stub/Skeleton pair for the SSOIdentityManager Service -->
        <axis-wsdl2java
            output="${build.generated}"
            url="${build.generated}/ssosessionmanager.wsdl"
            verbose="true"
            serverside="true"
            skeletondeploy="true">

            <classpath path="${build.dest}"/>

        </axis-wsdl2java>

        <uptodate property="skip.session-manager-stubs" targetfile="${java}/org/josso/gateway/session/service/ws/impl/.flagfile">
            <srcfiles dir="${java}">
                <include name="org/josso/gateway/session/service/SSOSessionManager.java"/>
                <include name="org/josso/gateway/session/SSOSession.java"/>
                <include name="org/josso/gateway/session/exceptions/**"/>
            </srcfiles>
        </uptodate>

    </target>

    <target name="update-session-manager-stubs" depends="generate-session-manager-stubs" unless="skip.session-manager-stubs">

        <!-- copy those files that need to be in the classpath -->
        <copy todir="${java}" overwrite="true">
            <fileset dir="${build.generated}">
                <exclude name="**/*SoapBindingImpl.java"/>
                <include name="**/*.java"/>
            </fileset>
        </copy>
        <touch file="${java}/org/josso/gateway/session/service/ws/impl/.flagfile"/>

    </target>

    <!-- Generate identity manager wsdl and check if stubs are uptodate -->
    <target name="generate-identity-manager-stubs">

        <!-- compile core source files -->
        <javac srcdir="${java}"
            includes="org/josso/gateway/identity/service/SSOIdentityManager.java,org/josso/gateway/SSONameValuePair.java,org/josso/gateway/identity/SSOUser.java,org/josso/auth/Credential.java,org/josso/gateway/identity/exceptions/*.java"
            destdir="${build.dest}"
            debug="${compiler.debug}"
            optimize="${compiler.optimize}"
            deprecation="${compiler.deprecation}"
            target="${target.vm}"
            nowarn="${compiler.nowarn}"
            compiler="${compiler}"
            classpathref="classpath"/>

        <!-- Generate WSDL Descriptor for the SSOSessionManager Service -->
        <axis-java2wsdl
            classname="org.josso.gateway.identity.service.SSOIdentityManager"
            exclude="setIdentityStore,setIdentityStoreKeyAdapter"
            output="${build.generated}/ssoidentitymanager.wsdl"
            location="http://localhost:8080/josso/services/SSOIdentityManager"
            namespace="http://josso.org/gateway/identity/service/ws/impl"
            namespaceImpl="http://josso.org/gateway/identity/service/ws/impl">

            <classpath path="${build.dest}"/>

            <complextype classname="org.josso.gateway.identity.exceptions.SSOIdentityException"
                namespace="http://josso.org/gateway/identity/service/ws/impl">
            </complextype>
            <complextype classname="org.josso.gateway.identity.exceptions.NoSuchUserException"
                namespace="http://josso.org/gateway/identity/service/ws/impl">
            </complextype>
            <complextype classname="org.josso.gateway.identity.SSOUser"
                namespace="http://josso.org/gateway/identity/service/ws/impl">
            </complextype>
            <complextype classname="org.josso.auth.Credential"
                namespace="http://josso.org/gateway/identity/service/ws/impl">
            </complextype>
            <complextype classname="org.josso.gateway.identity.SSORole"
                namespace="http://josso.org/gateway/identity/service/ws/impl">
            </complextype>
            <complextype classname="org.josso.gateway.SSONameValuePair"
                namespace="http://josso.org/gateway/identity/service/ws/impl">
            </complextype>
        </axis-java2wsdl>

        <!-- Generate Stub/Skeleton pair for the SSOSessionManager Service -->
        <axis-wsdl2java
            output="${build.generated}"
            testcase="false"
            verbose="true"
            url="${build.generated}/ssoidentitymanager.wsdl"
            serverside="true"
            skeletondeploy="true">

            <classpath path="${build.dest}"/>

        </axis-wsdl2java>

        <uptodate property="skip.identity-manager-stubs" targetfile="${java}/org/josso/gateway/identity/service/ws/impl/.flagfile">
            <srcfiles dir="${java}">
                <include name="org/josso/gateway/identity/service/SSOIdentityManager.java"/>
                <include name="org/josso/gateway/SSONameValuePair.java"/>
                <include name="org/josso/gateway/identity/SSOUser.java"/>
                <include name="org/josso/auth/Credential.java,org/josso/gateway/identity/exceptions/**"/>
            </srcfiles>
        </uptodate>

    </target>

    <target name="update-identity-manager-stubs" depends="generate-identity-manager-stubs" unless="skip.identity-manager-stubs">

        <!-- copy those files that need to be in the classpath -->
        <copy todir="${java}" overwrite="true">
            <fileset dir="${build.generated}">
                <exclude name="**/*SoapBindingImpl.java"/>
                <include name="**/*.java"/>
            </fileset>
        </copy>
        <touch file="${java}/org/josso/gateway/identity/service/ws/impl/.flagfile"/>

    </target>

    <!-- Generate WSDL file and check if sutbs ar updtodate -->
    <target name="generate-event-manager-client-stubs">

        <!-- compile core source files -->
        <javac srcdir="${java}"
            includes="org/josso/gateway/event/client/SSOEventManagerClient.java,org/josso/gateway/SSONameValuePair.java,org/josso/gateway/event/SSOEvent.java,org/josso/gateway/event/exceptions/*.java"
            destdir="${build.dest}"
            debug="${compiler.debug}"
            optimize="${compiler.optimize}"
            deprecation="${compiler.deprecation}"
            target="${target.vm}"
            nowarn="${compiler.nowarn}"
            compiler="${compiler}"
            classpathref="classpath"/>

        <!-- Generate WSDL Descriptor for the SSOSessionManager Service -->
        <axis-java2wsdl
            classname="org.josso.gateway.event.client.SSOEventManagerClient"
            output="${build.generated}/ssoeventmanagerclient.wsdl"
            location="http://localhost:8080/josso/services/SSOEventManagerClient"
            namespace="http://josso.org/gateway/event/client/ws/impl"
            namespaceImpl="http://josso.org/gateway/event/client/ws/impl">

            <classpath>
                <path location="${tools.tasks.dest}"/>
            </classpath>

            <complextype classname="org.josso.gateway.event.SSOEvent"
                namespace="http://josso.org/gateway/event/client/ws/impl">
            </complextype>

            <complextype classname="org.josso.gateway.event.exceptions.SSOEventException"
                namespace="http://josso.org/gateway/event/client/ws/impl">
            </complextype>

        </axis-java2wsdl>

        <!-- Generate Stub/Skeleton pair for the SSOIdentityManager Service -->
        <axis-wsdl2java
            output="${build.generated}"
            url="${build.generated}/ssoeventmanagerclient.wsdl"
            verbose="true"
            serverside="true"
            skeletondeploy="true">

            <classpath path="${build.dest}"/>

        </axis-wsdl2java>

        <uptodate property="skip.event-manager-client-stubs" targetfile="${java}/org/josso/gateway/event/client/ws/impl/.flagfile">
            <srcfiles dir="${java}">
                <include name="org/josso/gateway/event/client/SSOEventManagerClient.java"/>
                <include name="org/josso/gateway/event/SSOEvent.java"/>
                <include name="org/josso/gateway/event/exceptions/**"/>
            </srcfiles>
        </uptodate>

    </target>

    <target name="update-event-manager-client-stubs" depends="generate-event-manager-client-stubs" unless="skip.event-manager-client-stubs">

        <!-- copy those files that need to be in the classpath -->
        <copy todir="${java}" overwrite="true">
            <fileset dir="${build.generated}">
                <exclude name="**/*SoapBindingImpl.java"/>
                <include name="**/*.java"/>
            </fileset>
        </copy>
        <touch file="${java}/org/josso/gateway/event/client/ws/impl/.flagfile"/>

    </target>


    <target name="deploy-ws" depends="compile">
        <axis-admin
            port="${build.ws.target-port}"
            hostname="${build.ws.target-server}"
            failonerror="true"
            servletpath="${build.ws.target-appname}/services/AdminService"
            debug="true"
            xmlfile="${build.generated}/org/josso/gateway/session/service/ws/impl/deploy.wsdd"
            />

        <axis-admin
            port="${build.ws.target-port}"
            hostname="${build.ws.target-server}"
            failonerror="true"
            servletpath="${build.ws.target-appname}/services/AdminService"
            debug="true"
            xmlfile="${build.generated}/org/josso/gateway/identity/service/ws/impl/deploy.wsdd"
            />

        <axis-admin
            port="${build.ws.target-port}"
            hostname="${build.ws.target-server}"
            failonerror="true"
            servletpath="${build.ws.target-appname}/services/AdminService"
            debug="true"
            xmlfile="${build.generated}/org/josso/gateway/event/client/ws/impl/deploy.wsdd"
            />


    </target>

    <target name="undeploy-ws" depends="compile">
        <axis-admin
            port="${build.ws.target-port}"
            hostname="${build.ws.target-server}"
            failonerror="true"
            servletpath="${build.ws.target-appname}/services/AdminService"
            debug="true"
            xmlfile="${build.generated}/org/josso/gateway/session/ws/undeploy.wsdd"
            />
        <axis-admin
            port="${build.ws.target-port}"
            hostname="${build.ws.target-server}"
            failonerror="true"
            servletpath="${build.ws.target-appname}/services/AdminService"
            debug="true"
            xmlfile="${build.generated}/org/josso/gateway/identity/ws/undeploy.wsdd"
            />

        <axis-admin
            port="${build.ws.target-port}"
            hostname="${build.ws.target-server}"
            failonerror="true"
            servletpath="${build.ws.target-appname}/services/AdminService"
            debug="true"
            xmlfile="${build.generated}/org/josso/gateway/event/client/ws/undeploy.wsdd"
            />

    </target>

    <!-- === Plugins ================================================= -->

    <!-- prepares the blocks build -->
    <target name="prepare-plugins" depends="prepare">

        <mkdir dir="${build.plugins}"/>

        <xslt in="${plugins}/${plugins.descriptor}"
            out="${build.temp}/plugins-build.xml"
            processor="trax"
            style="${tools.src}/plugins-build.xsl"/>
    </target>

    <!-- compiles and packages all blocks -->
    <target name="compile-plugins" depends="init,compile-core,prepare-plugins">
        <ant antfile="${build.temp}/plugins-build.xml"
            inheritAll="true"
            inheritRefs="false"
            target="compile"/>
    </target>

    <target name="call-plugin-target" depends="prepare">
        <ant antfile="${build.temp}/plugins-build.xml"
            inheritAll="true"
            inheritRefs="false"
            target="josso-${plugin.name}-${target.name}"/>
    </target>

    <!-- === Package Targets ================================================= -->

    <!-- === Package Targets ================================================= -->

    <!-- packages everything -->
    <target name="package"
        depends="compile,package-core,package-common"/>

    <!-- package the core -->
    <target name="package-core" depends="compile-core">
        <jar jarfile="${build}/${name}-${version}.jar" manifest="${java}/Manifest.mf" index="true">
            <fileset dir="${build.dest}">
                <exclude name="**/Manifest.mf"/>
            </fileset>
        </jar>
    </target>

    <!-- package the commons -->
    <target name="package-common">
        <jar jarfile="${build}/${name}-common-${version}.jar" manifest="${java}/Manifest.mf" index="true">
            <fileset dir="${build.dest}">
                <include name="org/josso/gateway/identity/SSOUser.class"/>
                <include name="org/josso/gateway/SSONameValuePair.class"/>
            </fileset>
        </jar>
    </target>


</project>
