<?xml version="1.0"?>
<!--
  ~   Copyright (c) 2004-2006, Novascope S.A. and the JOSSO team
  ~    All rights reserved.
  ~    Redistribution and use in source and binary forms, with or
  ~    without modification, are permitted provided that the following
  ~    conditions are met:
  ~
  ~    * Redistributions of source code must retain the above copyright
  ~      notice, this list of conditions and the following disclaimer.
  ~
  ~    * Redistributions in binary form must reproduce the above copyright
  ~      notice, this list of conditions and the following disclaimer in
  ~      the documentation and/or other materials provided with the
  ~      distribution.
  ~
  ~    * Neither the name of the JOSSO team nor the names of its
  ~      contributors may be used to endorse or promote products derived
  ~      from this software without specific prior written permission.
  ~
  ~    THIS SOFTWARE IS PROVIDED BY THE COPYRIGHT HOLDERS AND
  ~    CONTRIBUTORS "AS IS" AND ANY EXPRESS OR IMPLIED WARRANTIES,
  ~    INCLUDING, BUT NOT LIMITED TO, THE IMPLIED WARRANTIES OF
  ~    MERCHANTABILITY AND FITNESS FOR A PARTICULAR PURPOSE ARE
  ~    DISCLAIMED. IN NO EVENT SHALL THE COPYRIGHT OWNER OR CONTRIBUTORS
  ~    BE LIABLE FOR ANY DIRECT, INDIRECT, INCIDENTAL, SPECIAL,
  ~    EXEMPLARY, OR CONSEQUENTIAL DAMAGES (INCLUDING, BUT NOT LIMITED
  ~    TO, PROCUREMENT OF SUBSTITUTE GOODS OR SERVICES; LOSS OF USE,
  ~    DATA, OR PROFITS; OR BUSINESS INTERRUPTION) HOWEVER CAUSED AND ON
  ~    ANY THEORY OF LIABILITY, WHETHER IN CONTRACT, STRICT LIABILITY,
  ~    OR TORT (INCLUDING NEGLIGENCE OR OTHERWISE) ARISING IN ANY WAY
  ~    OUT OF THE USE OF THIS SOFTWARE, EVEN IF ADVISED OF THE
  ~    POSSIBILITY OF SUCH DAMAGE.
  -->
<project name="forrest">

    <description>
    Forrest Targets
    </description>

    <target name="forrest" depends="prepare, prepare-docs, forrest.init, javadocs">
        <!-- Add some other documents
        <copy file="${build.temp}/jars.xml"
            tofile="${build.context}/xdocs/installing/jars.xml" filtering="off"
            overwrite="yes"/>
        -->
        <ant antfile="${forrest.home}/forrest.antproxy.xml" target="site"/>

    </target>

    <!-- Generates an unpackaged webapp of the website -->
    <target name="forrest.webapp" depends="forrest.init">
        <ant antfile="${forrest.home}/forrest.antproxy.xml" target="webapp"/>
    </target>

    <!-- Generates a .war file containing the website -->
    <target name="forrest.war" depends="forrest.init">
        <ant antfile="${forrest.home}/forrest.antproxy.xml" target="war"/>
    </target>

    <!-- Validates XML documentation files -->
    <target name="forrest.validate" depends="forrest.init">
        <ant antfile="${forrest.home}/forrest.antproxy.xml" target="validate"/>
    </target>

    <target name="forrest.init" depends="forrest.sethome, forrest.home.defined"/>

    <target name="forrest.sethome" depends="forrest.loadenv,
    forrest.checkenv, forrest.checkhome, forrest.check-build.properties,
    forrest.check-project.properties, forrest.check-ant.properties,
    forrest.check-.ant.properties"/>

    <target name="forrest.loadenv" unless="forrest.home.present">
        <property environment="env"/>
        <echo level="verbose">Forrest: Got ${env.FORREST_HOME}</echo>
    </target>

    <target name="forrest.checkenv" if="env.FORREST_HOME">
        <echo level="verbose">Found $FORREST_HOME=${env.FORREST_HOME}</echo>
        <property name="forrest.home" location="${env.FORREST_HOME}"/>
        <echo level="verbose">forrest.home set to ${forrest.home}</echo>
        <available file="${forrest.home}" type="dir" property="forrest.home.present"/>
    </target>


    <target name="forrest.checkhome">
        <available file="${forrest.home}" type="dir" property="forrest.home.present"/>
        <available file="build.properties" type="file" property="build.properties.present"/>
        <available file="project.properties" type="file" property="project.properties.present"/>
        <available file="ant.properties" type="file" property="ant.properties.present"/>
        <available file=".ant.properties" type="file" property=".ant.properties.present"/>

        <echo message="forrest.home.present=${forrest.home.present}"/>
        <echo message="build.properties.present=${build.properties.present}"/>
    </target>

    <!-- No we can't extract the commonalities below into an antcall'ed target,
    because it wouldn't be able to set forrest.home -->
    <target name="forrest.check-build.properties" unless="forrest.home.present"
        if="build.properties.present">
        <echo level="verbose">Forrest: Checking build.properties..</echo>
        <loadproperties srcfile="build.properties">
            <filterchain>
                <linecontains>
                    <contains value="forrest.home"/>
                </linecontains>
            </filterchain>
        </loadproperties>
        <available file="${forrest.home}" type="dir" property="forrest.home.present"/>

    </target>

    <target name="forrest.check-project.properties" unless="forrest.home.present"
        if="project.properties.present">
        <echo level="verbose">Forrest: Checking project.properties..</echo>
        <loadproperties srcfile="project.properties">
            <filterchain>
                <linecontains>
                    <contains value="forrest.home"/>
                </linecontains>
            </filterchain>
        </loadproperties>
        <available file="${forrest.home}" type="dir" property="forrest.home.present"/>
    </target>

    <target name="forrest.check-ant.properties" unless="forrest.home.present"
        if="ant.properties.present">
        <echo level="verbose">Forrest: Checking ant.properties..</echo>
        <loadproperties srcfile="ant.properties">
            <filterchain>
                <linecontains>
                    <contains value="forrest.home"/>
                </linecontains>
            </filterchain>
        </loadproperties>
        <available file="${forrest.home}" type="dir" property="forrest.home.present"/>
    </target>

    <target name="forrest.check-.ant.properties" unless="forrest.home.present"
        if=".ant.properties.present">
        <echo level="verbose">Forrest: Checking .ant.properties..</echo>
        <loadproperties srcfile=".ant.properties">
            <filterchain>
                <linecontains>
                    <contains value="forrest.home"/>
                </linecontains>
            </filterchain>
        </loadproperties>
        <available file="${forrest.home}" type="dir" property="forrest.home.present"/>
    </target>

    <target name="forrest.home.defined" depends="forrest.sethome" unless="forrest.home.present">
        <property name="path" value="${user.home}/xml-forrest/build/dist/shbat"/>
        <pathconvert targetos="windows" property="winpath">
            <path>
                <pathelement location="${path}"/>
            </path>
        </pathconvert>
        <pathconvert targetos="unix" property="unixpath">
            <path>
                <pathelement
                    location="${path}"/>
            </path>
        </pathconvert>

        <echo>
      ----------------------------------------------
      To run this target, you need Forrest 0.5.1 installed.

      Download and install it from  :
      http://archive.apache.org/dist/forrest/pre-0.6/

      Then either:

      - Set FORREST_HOME as the Forrest build instructions describe
      - Create a project.properties, with the forrest.home property
        pointing to the forrest shbat directory, e.g.

        forrest.home=${winpath}  (Windows)
        forrest.home=${unixpath}  (Unix)

        (adjusting the path according to where your xml-forrest is)
      ----------------------------------------------
        </echo>
        <fail message="Need to define $${forrest.home}"/>
    </target>

</project>