<?xml version="1.0"?>
<!--
  ~   Copyright (c) 2004-2006, Novascope S.A. and the JOSSO team
  ~    All rights reserved.
  ~    Redistribution and use in source and binary forms, with or
  ~    without modification, are permitted provided that the following
  ~    conditions are met:
  ~
  ~    * Redistributions of source code must retain the above copyright
  ~      notice, this list of conditions and the following disclaimer.
  ~
  ~    * Redistributions in binary form must reproduce the above copyright
  ~      notice, this list of conditions and the following disclaimer in
  ~      the documentation and/or other materials provided with the
  ~      distribution.
  ~
  ~    * Neither the name of the JOSSO team nor the names of its
  ~      contributors may be used to endorse or promote products derived
  ~      from this software without specific prior written permission.
  ~
  ~    THIS SOFTWARE IS PROVIDED BY THE COPYRIGHT HOLDERS AND
  ~    CONTRIBUTORS "AS IS" AND ANY EXPRESS OR IMPLIED WARRANTIES,
  ~    INCLUDING, BUT NOT LIMITED TO, THE IMPLIED WARRANTIES OF
  ~    MERCHANTABILITY AND FITNESS FOR A PARTICULAR PURPOSE ARE
  ~    DISCLAIMED. IN NO EVENT SHALL THE COPYRIGHT OWNER OR CONTRIBUTORS
  ~    BE LIABLE FOR ANY DIRECT, INDIRECT, INCIDENTAL, SPECIAL,
  ~    EXEMPLARY, OR CONSEQUENTIAL DAMAGES (INCLUDING, BUT NOT LIMITED
  ~    TO, PROCUREMENT OF SUBSTITUTE GOODS OR SERVICES; LOSS OF USE,
  ~    DATA, OR PROFITS; OR BUSINESS INTERRUPTION) HOWEVER CAUSED AND ON
  ~    ANY THEORY OF LIABILITY, WHETHER IN CONTRACT, STRICT LIABILITY,
  ~    OR TORT (INCLUDING NEGLIGENCE OR OTHERWISE) ARISING IN ANY WAY
  ~    OUT OF THE USE OF THIS SOFTWARE, EVEN IF ADVISED OF THE
  ~    POSSIBILITY OF SUCH DAMAGE.
  -->

<project name="samples">

    <description>
        Samples Targets
    </description>

    <target name="samples" depends="prepare,compile" unless="internal.exclude.webapp.samples">


        <mkdir dir="${build.samples}"/>

        <javac srcdir="${samples}"
            destdir="${build.samples}"
            debug="${compiler.debug}"
            optimize="${compiler.optimize}"
            deprecation="${compiler.deprecation}"
            target="${target.vm}"
            compiler="${compiler}"
            classpathref="samples_classpath"/>

        <!-- copy sample files -->
        <copy todir="${build.webapp.samples}" filtering="on">
            <fileset dir="${webapp.samples}">
                <exclude name="**/*.jpg"/>
                <exclude name="**/*.gif"/>
                <exclude name="**/*.png"/>
                <!-- filtering breaks UTF-8 files -->
                <exclude name="i18n/**"/>
            </fileset>
        </copy>

        <copy todir="${build.webapp.samples}" filtering="off">
            <fileset dir="${webapp.samples}">
                <include name="**/*.jpg"/>
                <include name="**/*.gif"/>
                <include name="**/*.png"/>
                <include name="i18n/**"/>
            </fileset>
        </copy>

        <!-- copy sample classes -->
        <copy todir="${build.webapp.samples}/WEB-INF/classes" filtering="off">
            <fileset dir="${build.samples}"/>
        </copy>

    </target>

    <target name="prepare-ear" depends="samples,war-samples" >

        <jar jarfile="${build.partnercomponent.jar}" index="true">
            <fileset dir="${build.samples}"/>
            <fileset dir="${samples}">
                <include name="**/*.xml"/>
            </fileset>
        </jar>
    </target>


</project>