<?xml version="1.0"?>
<!--
  ~   Copyright (c) 2004-2006, Novascope S.A. and the JOSSO team
  ~    All rights reserved.
  ~    Redistribution and use in source and binary forms, with or
  ~    without modification, are permitted provided that the following
  ~    conditions are met:
  ~
  ~    * Redistributions of source code must retain the above copyright
  ~      notice, this list of conditions and the following disclaimer.
  ~
  ~    * Redistributions in binary form must reproduce the above copyright
  ~      notice, this list of conditions and the following disclaimer in
  ~      the documentation and/or other materials provided with the
  ~      distribution.
  ~
  ~    * Neither the name of the JOSSO team nor the names of its
  ~      contributors may be used to endorse or promote products derived
  ~      from this software without specific prior written permission.
  ~
  ~    THIS SOFTWARE IS PROVIDED BY THE COPYRIGHT HOLDERS AND
  ~    CONTRIBUTORS "AS IS" AND ANY EXPRESS OR IMPLIED WARRANTIES,
  ~    INCLUDING, BUT NOT LIMITED TO, THE IMPLIED WARRANTIES OF
  ~    MERCHANTABILITY AND FITNESS FOR A PARTICULAR PURPOSE ARE
  ~    DISCLAIMED. IN NO EVENT SHALL THE COPYRIGHT OWNER OR CONTRIBUTORS
  ~    BE LIABLE FOR ANY DIRECT, INDIRECT, INCIDENTAL, SPECIAL,
  ~    EXEMPLARY, OR CONSEQUENTIAL DAMAGES (INCLUDING, BUT NOT LIMITED
  ~    TO, PROCUREMENT OF SUBSTITUTE GOODS OR SERVICES; LOSS OF USE,
  ~    DATA, OR PROFITS; OR BUSINESS INTERRUPTION) HOWEVER CAUSED AND ON
  ~    ANY THEORY OF LIABILITY, WHETHER IN CONTRACT, STRICT LIABILITY,
  ~    OR TORT (INCLUDING NEGLIGENCE OR OTHERWISE) ARISING IN ANY WAY
  ~    OUT OF THE USE OF THIS SOFTWARE, EVEN IF ADVISED OF THE
  ~    POSSIBILITY OF SUCH DAMAGE.
  -->

<project name="webapp">

    <description>
        Webapp targets
    </description>

    <!-- =============================================================== -->
    <!-- JOSSO WEB APPLICATION Targes                                    -->
    <!-- This prepares the josso web applications directory ...          -->
    <!-- =============================================================== -->
    
    <target name="prepare-webapp" depends="package">

        <mkdir dir="${build.webapp}"/>
        <mkdir dir="${build.webapp}/WEB-INF/classes"/>

        <!-- 1. Copy JOSSO WEB-INF directory -->
        <copy todir="${build.webapp}/WEB-INF" filtering="on">
            <fileset dir="${webapp}/WEB-INF">
                <!-- Include all this stuff -->
                <include name="entities/**"/>
                <include name="classes/**"/>
                <include name="tlds/**"/>
                <include name="*.x*"/>
                <include name="*.wsdd"/>
            </fileset>
        </copy>

        <!-- 2. Copy all required libs -->
        <copy todir="${build.webapp}/WEB-INF" >
            <fileset dir="${webapp}/WEB-INF">
                <include name="lib/**"/>
            </fileset>
        </copy>

        <!-- 3. Copy resources to webapp classpath  -->
        <copy todir="${build.webapp}/WEB-INF/classes">
            <fileset dir="${resources}">
                <exclude name="josso-*"/>
                <exclude name="log4j.properties"/>
            </fileset>
        </copy>

        <!-- 4. Copy JOSSO configuration files only if exclude.config=false -->
        <if>
            <not>
                <equals arg1="${exclude.config}" arg2="true"/>
            </not>
            <then>
                <copy todir="${build.webapp}/WEB-INF/classes">
                    <fileset dir="${resources}">
                        <include name="josso-*"/>
                        <!-- This files sould never be included -->
                        <exclude name="josso-agent-config.xml"/>
                        <exclude name="josso-reverseproxy-config.xml"/>
                    </fileset>
                </copy>
            </then>
        </if>

        <!-- 5. Copy singon files (JSP, etc) -->
        <copy todir="${build.webapp}/signon" filtering="on">
            <fileset dir="${webapp}/signon"/>
        </copy>

        <!-- 6. Copy web resource files (Images, styles, etc) -->
        <copy todir="${build.webapp}/resources" >
            <fileset dir="${webapp}/resources"/>
        </copy>

        <!-- 7. Copy all plugins found in the "war" dir as part of josos web libs -->
        <mkdir dir="${build.plugins}/war"/>
        <copy todir="${build.webapp.lib}">
            <fileset dir="${build.plugins}/war"/>
        </copy>

        <!-- 8. Copy all JOSSO libs to webapp lib -->

        <if>


            <not>
                <equals arg1="${ear_selected}" arg2="true"/>
            </not>
            <!-- This is a STAND-ALONE WAR -->
            <then>

                <!-- Add JOSSO jars to webapp lib -->
                <copy file="${build}/${name}-${version}.jar" tofile="${build.webapp.lib}/${name}-${version}.jar"/>

                <!-- Libraries to include in a stand-alone war -->
                <copy todir="${build.webapp.lib}">

                    <fileset dir="${lib.core}">
                        <include name="*.jar"/>
                        <exclude name="servlet*.jar"/>
                        <exclude name="log4j*.jar"/>
                        <exclude name="jmx.jar"/>
                    </fileset>

                    <!-- Currently, we have no JVM dependent libraries
                      <fileset dir="${lib.core}/jvm${target.vm}">
                        <include name="*.jar"/>
                      </fileset>
                    -->

                    <fileset dir="${lib.local}">
                        <include name="*.jar"/>
                        <exclude name="servlet*.jar"/>
                        <exclude name="log4j*.jar"/>
                        <exclude name="jmx.jar"/>
                    </fileset>

                </copy>
            </then>

            <else>
                <!-- Add JOSSO classes to webapp -->
                <copy file="${build}/${name}-${version}.jar" tofile="${build.webapp.lib}/${name}-${version}.jar"/>
                
                <!-- libraries to include in a .ear bundled war -->
                <copy todir="${build.webapp.lib}">

                    <fileset dir="${lib.core}">
                        <include name="*.jar"/>
                        <exclude name="servlet*.jar"/>
                        <exclude name="log4j*.jar"/>
                        <exclude name="jmx.jar"/>

                        <!-- We may need to exclude all .jars that are installed directly in the APP SERVER -->
                        <exclude name="commons-modeler*.jar"/>
                        <exclude name="commons-configuration*.jar"/>
                        <exclude name="xmldb*.jar"/>

                    </fileset>

                    <!-- Currently, we have no JVM dependent libraries
                      <fileset dir="${lib.core}/jvm${target.vm}">
                        <include name="*.jar"/>
                      </fileset>
                    -->

                    <fileset dir="${lib.local}">
                        <include name="*.jar"/>
                        <exclude name="servlet*.jar"/>
                        <exclude name="log4j*.jar"/>
                        <exclude name="jmx.jar"/>
                        <exclude name="commons-modeler*.jar"/>
                        <exclude name="commons-configuration*.jar"/>
                        <exclude name="xmldb*.jar"/>
                    </fileset>

                </copy>
            </else>
        </if>

    </target>

    <target name="war" depends="prepare-webapp" description="Builds JOSSO web application archive">

        <!-- Package WAR file -->
        <jar jarfile="${build.war}" index="true">
            <fileset dir="${build.webapp}"/>
        </jar>

     </target>

    <target name="check-ear">
      <property name="ear_selected" value="true"/>
    </target>

    <target name="ear" depends="check-ear,war,prepare-ear" description="Builds JOSSO enterprise application archive">
        <delete file="${build.ear}"/>

        <if>
            <not>
                <equals arg1="${exclude.samples}" arg2="true"/>
            </not>
            <then>
                <ear destfile="${build.ear}" appxml="${webapp.resources}/ear/META-INF/application.xml">
                    <fileset file="${build.war}"/>
                    <fileset file="${build.samples.war}"/>
                    <fileset file="${build.partnercomponent.jar}"/>
                </ear>
            </then>
            <else>
                <ear destfile="${build.ear}" appxml="${webapp.resources}/ear/META-INF/application-no-samples.xml">
                    <fileset file="${build.war}"/>
                </ear>

            </else>
        </if>
    </target>


    <!-- =============================================================== -->
    <!-- Samples web application -->
    <!-- =============================================================== -->

    <target name="prepare-webapp-samples" depends="samples" unless="internal.exclude.webapp.samples">

        <mkdir dir="${build.webapp.samples}"/>
        <mkdir dir="${build.webapp.samples}/WEB-INF/classes"/>
        <!--
        <mkdir dir="${build.webapp.samples}/META-INF"/>

        <copy todir="${build.webapp.samples}/META-INF">
            <fileset dir="${webapp.samples}/META-INF"/>
        </copy>
        -->

        <!-- Copy WEB-INF dir
        <copy todir="${build.webapp.samples}/WEB-INF" filtering="on">
            <fileset dir="${webapp.samples}/WEB-INF">
                <include name="entities/**"/>
                <include name="classes/**"/>
                <include name="tlds/**"/>
                <include name="*.x*"/>
            </fileset>
        </copy>

        <copy todir="${build.webapp.samples.lib}">
            <fileset dir="${webapp.samples}/WEB-INF">
                <include name="lib/**"/>
            </fileset>
        </copy>
        -->

    </target>

    <target name="webapp-samples" depends="prepare-webapp-samples">
    </target>

    <target name="war-samples" depends="webapp-samples" description="Builds samples web application archive">
        <!-- Package WAR file -->
        <jar jarfile="${build.samples.war}" index="true">
            <!-- metainf  dir="${build.webapp.samples}/META-INF"/-->
            <fileset dir="${build.webapp.samples}">
                <exclude name="**/PartnerComponent*.class"/>
            </fileset>
        </jar>
    </target>


</project>
