<?xml version="1.0" encoding="ISO-8859-1"?>
<!--
  ~   Copyright (c) 2004-2006, Novascope S.A. and the JOSSO team
  ~    All rights reserved.
  ~    Redistribution and use in source and binary forms, with or
  ~    without modification, are permitted provided that the following
  ~    conditions are met:
  ~
  ~    * Redistributions of source code must retain the above copyright
  ~      notice, this list of conditions and the following disclaimer.
  ~
  ~    * Redistributions in binary form must reproduce the above copyright
  ~      notice, this list of conditions and the following disclaimer in
  ~      the documentation and/or other materials provided with the
  ~      distribution.
  ~
  ~    * Neither the name of the JOSSO team nor the names of its
  ~      contributors may be used to endorse or promote products derived
  ~      from this software without specific prior written permission.
  ~
  ~    THIS SOFTWARE IS PROVIDED BY THE COPYRIGHT HOLDERS AND
  ~    CONTRIBUTORS "AS IS" AND ANY EXPRESS OR IMPLIED WARRANTIES,
  ~    INCLUDING, BUT NOT LIMITED TO, THE IMPLIED WARRANTIES OF
  ~    MERCHANTABILITY AND FITNESS FOR A PARTICULAR PURPOSE ARE
  ~    DISCLAIMED. IN NO EVENT SHALL THE COPYRIGHT OWNER OR CONTRIBUTORS
  ~    BE LIABLE FOR ANY DIRECT, INDIRECT, INCIDENTAL, SPECIAL,
  ~    EXEMPLARY, OR CONSEQUENTIAL DAMAGES (INCLUDING, BUT NOT LIMITED
  ~    TO, PROCUREMENT OF SUBSTITUTE GOODS OR SERVICES; LOSS OF USE,
  ~    DATA, OR PROFITS; OR BUSINESS INTERRUPTION) HOWEVER CAUSED AND ON
  ~    ANY THEORY OF LIABILITY, WHETHER IN CONTRACT, STRICT LIABILITY,
  ~    OR TORT (INCLUDING NEGLIGENCE OR OTHERWISE) ARISING IN ANY WAY
  ~    OUT OF THE USE OF THIS SOFTWARE, EVEN IF ADVISED OF THE
  ~    POSSIBILITY OF SUCH DAMAGE.
  -->

<!DOCTYPE ejb-jar PUBLIC '-//Sun Microsystems, Inc.//DTD Enterprise JavaBeans 2.0//EN' 'http://java.sun.com/dtd/ejb-jar_2_0.dtd'>

<!-- ============================================================== -->
<!-- Partner Component EJB Descriptor                               -->
<!--                                                                -->
<!-- $Id: ejb-jar.xml,v 1.2 2006/02/09 16:53:06 sgonzalez Exp $                                                           -->
<!-- ============================================================== -->
<ejb-jar>

    <display-name>Partner Component</display-name>

    <enterprise-beans>

        <session>
            <ejb-name>PartnerComponentEJB</ejb-name>
            <home>org.josso.samples.ejb.PartnerComponentHome</home>
            <remote>org.josso.samples.ejb.PartnerComponent</remote>
            <ejb-class>org.josso.samples.ejb.PartnerComponentEJB</ejb-class>
            <session-type>Stateless</session-type>
            <transaction-type>Container</transaction-type>
            <!--
            <security-identity>
                <use-caller-identity/>
            </security-identity>
            -->
            <security-role-ref>
                <role-name>role1</role-name>
                <role-link>role1</role-link>
            </security-role-ref>
        </session>


    </enterprise-beans>

    <assembly-descriptor>

        <security-role>
            <description>Sample role 1</description>
            <role-name>role1</role-name>
        </security-role>

        <security-role>
            <description>Sample role 2</description>
            <role-name>role2</role-name>
        </security-role>

        <method-permission>
            <description>Security attributes for 'PartnerComponenttEJB' methods</description>
            <unchecked/>
            <method>
                <ejb-name>PartnerComponentEJB</ejb-name>
                <method-name>*</method-name>
            </method>
            <method>
                <ejb-name>PartnerComponentEJB</ejb-name>
                <method-intf>Home</method-intf>
                <method-name>*</method-name>
            </method>

        </method-permission>

        <!-- Transaction Attributes -->

        <container-transaction>
            <method>
                <ejb-name>PartnerComponentEJB</ejb-name>
                <method-name>*</method-name>
            </method>
            <trans-attribute>Required</trans-attribute>
        </container-transaction>

    </assembly-descriptor>


</ejb-jar>

