<?xml version="1.0"?>
<!--
  ~   Copyright (c) 2004-2006, Novascope S.A. and the JOSSO team
  ~    All rights reserved.
  ~    Redistribution and use in source and binary forms, with or
  ~    without modification, are permitted provided that the following
  ~    conditions are met:
  ~
  ~    * Redistributions of source code must retain the above copyright
  ~      notice, this list of conditions and the following disclaimer.
  ~
  ~    * Redistributions in binary form must reproduce the above copyright
  ~      notice, this list of conditions and the following disclaimer in
  ~      the documentation and/or other materials provided with the
  ~      distribution.
  ~
  ~    * Neither the name of the JOSSO team nor the names of its
  ~      contributors may be used to endorse or promote products derived
  ~      from this software without specific prior written permission.
  ~
  ~    THIS SOFTWARE IS PROVIDED BY THE COPYRIGHT HOLDERS AND
  ~    CONTRIBUTORS "AS IS" AND ANY EXPRESS OR IMPLIED WARRANTIES,
  ~    INCLUDING, BUT NOT LIMITED TO, THE IMPLIED WARRANTIES OF
  ~    MERCHANTABILITY AND FITNESS FOR A PARTICULAR PURPOSE ARE
  ~    DISCLAIMED. IN NO EVENT SHALL THE COPYRIGHT OWNER OR CONTRIBUTORS
  ~    BE LIABLE FOR ANY DIRECT, INDIRECT, INCIDENTAL, SPECIAL,
  ~    EXEMPLARY, OR CONSEQUENTIAL DAMAGES (INCLUDING, BUT NOT LIMITED
  ~    TO, PROCUREMENT OF SUBSTITUTE GOODS OR SERVICES; LOSS OF USE,
  ~    DATA, OR PROFITS; OR BUSINESS INTERRUPTION) HOWEVER CAUSED AND ON
  ~    ANY THEORY OF LIABILITY, WHETHER IN CONTRACT, STRICT LIABILITY,
  ~    OR TORT (INCLUDING NEGLIGENCE OR OTHERWISE) ARISING IN ANY WAY
  ~    OUT OF THE USE OF THIS SOFTWARE, EVEN IF ADVISED OF THE
  ~    POSSIBILITY OF SUCH DAMAGE.
  -->

<mbeans-descriptors>

    <mbean name="JDBCIdentityStore"
        className="org.josso.util.mbeans.JOSSOBaseMBean"
        description="JDBC Implementation of a DB Identity and Credential Store."
        domain="josso"
        group="IdentityStore"
        type="org.josso.gateway.identity.service.store.db.JDBCIdentityStore">

        <attribute name="className"
            description="Fully qualified class name of the managed object"
            type="java.lang.String"
            writeable="false"/>

        <attribute name="userQueryString"
            description="SQL Query string that retrieves user information."
            type="java.lang.String"
            writeable="true"/>

        <attribute name="rolesQueryString"
            description="SQL Query String that retrieves user roles"
            type="java.lang.String"
            writeable="true"/>

        <attribute name="credentialsQueryString"
            description="SQL Query String that retrieves user credentials"
            type="java.lang.String"
            writeable="true"/>

        <attribute name="userPropertiesQueryString"
            description="SQL Query String that retrieves user properties."
            type="java.lang.String"
            writeable="true"/>

        <attribute name="connectionName"
            description="The connection username to use when trying to connect to the database."
            type="java.lang.String"
            writeable="true"/>

        <attribute name="connectionPassword"
            description="The connection URL to use when trying to connect to the database."
            type="java.lang.String"
            writeable="true"/>

        <attribute name="connectionURL"
            description="The connection URL to use when trying to connect to the database."
            type="java.lang.String"
            writeable="true"/>

        <attribute name="driverName"
            description="The JDBC driver fully qualified class name."
            type="java.lang.String"
            writeable="true"/>

    </mbean>

    <mbean name="DataSourceIdentityStore"
        className="org.josso.util.mbeans.JOSSOBaseMBean"
        description="DataSource based implementation of a DB Identity and Credential store."
        domain="josso"
        group="IdentityStore"
        type="org.josso.gateway.identity.service.store.db.DataSourceIdentityStore">

        <attribute name="className"
            description="Fully qualified class name of the managed object"
            type="java.lang.String"
            writeable="false"/>

        <attribute name="userQueryString"
            description="SQL Query string that retrieves user information."
            type="java.lang.String"
            writeable="true"/>

        <attribute name="rolesQueryString"
            description="SQL Query String that retrieves user roles"
            type="java.lang.String"
            writeable="true"/>

        <attribute name="credentialsQueryString"
            description="SQL Query String that retrieves user credentials"
            type="java.lang.String"
            writeable="true"/>

        <attribute name="userPropertiesQueryString"
            description="SQL Query String that retrieves user properties."
            type="java.lang.String"
            writeable="true"/>

        <attribute name="dsJndiName"
            description="DataSource JNDI NAME"
            type="java.lang.String"
            writeable="true"/>

    </mbean>


</mbeans-descriptors>