<?xml version="1.0"?>
<!--
  ~   Copyright (c) 2004-2006, Novascope S.A. and the JOSSO team
  ~    All rights reserved.
  ~    Redistribution and use in source and binary forms, with or
  ~    without modification, are permitted provided that the following
  ~    conditions are met:
  ~
  ~    * Redistributions of source code must retain the above copyright
  ~      notice, this list of conditions and the following disclaimer.
  ~
  ~    * Redistributions in binary form must reproduce the above copyright
  ~      notice, this list of conditions and the following disclaimer in
  ~      the documentation and/or other materials provided with the
  ~      distribution.
  ~
  ~    * Neither the name of the JOSSO team nor the names of its
  ~      contributors may be used to endorse or promote products derived
  ~      from this software without specific prior written permission.
  ~
  ~    THIS SOFTWARE IS PROVIDED BY THE COPYRIGHT HOLDERS AND
  ~    CONTRIBUTORS "AS IS" AND ANY EXPRESS OR IMPLIED WARRANTIES,
  ~    INCLUDING, BUT NOT LIMITED TO, THE IMPLIED WARRANTIES OF
  ~    MERCHANTABILITY AND FITNESS FOR A PARTICULAR PURPOSE ARE
  ~    DISCLAIMED. IN NO EVENT SHALL THE COPYRIGHT OWNER OR CONTRIBUTORS
  ~    BE LIABLE FOR ANY DIRECT, INDIRECT, INCIDENTAL, SPECIAL,
  ~    EXEMPLARY, OR CONSEQUENTIAL DAMAGES (INCLUDING, BUT NOT LIMITED
  ~    TO, PROCUREMENT OF SUBSTITUTE GOODS OR SERVICES; LOSS OF USE,
  ~    DATA, OR PROFITS; OR BUSINESS INTERRUPTION) HOWEVER CAUSED AND ON
  ~    ANY THEORY OF LIABILITY, WHETHER IN CONTRACT, STRICT LIABILITY,
  ~    OR TORT (INCLUDING NEGLIGENCE OR OTHERWISE) ARISING IN ANY WAY
  ~    OUT OF THE USE OF THIS SOFTWARE, EVEN IF ADVISED OF THE
  ~    POSSIBILITY OF SUCH DAMAGE.
  -->
<project name="ms">
    <target name="check-jre">
       <property environment="env"/>
       <fail unless="env.JRE_HOME">JRE not found (Define JRE_HOME environment variable to your public JRE directory, i.e. C:\Program Files\Java\j2re1.4.2_06)</fail>
    </target>


    <target name="package-activex" depends="package">

        <echo> ======================================================================
                          JOSSO ActiveX
======================================================================
    This uses the java ActiveX Bridge present in J2SDK since 1.4.2
----------------------------------------------------------------------
 Be sure that your environment is propperly set, this may required
 MS-Visual C++ or some alternative, if any.
----------------------------------------------------------------------
 Os Information:
   - name ........... [${os.name}]
   - version ........ [${os.version}]
   - architecture ... [${os.arch}]
======================================================================
    </echo>

        <jar jarfile="${build}/plugins/${name}-activex-${version}.jar" manifest="${java}/Manifest.mf" index="true">

            <!-- All core classes -->
            <fileset dir="${build.dest}">
                <exclude name="**/Manifest.mf"/>
            </fileset>

            <!-- JOSSO MS plugin -->
            <zipfileset src="${build}/plugins/${name}-microsoft-plugin-${version}.jar"/>

            <!-- JOSSO libs -->
            <zipfileset src="${lib.core}/axis.jar"/>
            <zipfileset src="${lib.core}/jaxrpc.jar"/>
            <zipfileset src="${lib.core}/wsdl4j-1.5.1.jar"/>
            <zipfileset src="${lib.core}/saaj.jar"/>
            <zipfileset src="${lib.core}/commons-lang-2.0.jar"/>
            <zipfileset src="${lib.core}/commons-logging.jar"/>
            <zipfileset src="${lib.core}/commons-beanutils.jar"/>
            <zipfileset src="${lib.core}/commons-configuration-1.1.jar"/>
            <zipfileset src="${lib.core}/commons-collections-3.1.jar"/>
            <zipfileset src="${lib.core}/commons-digester.jar"/>
            <zipfileset src="${lib.core}/commons-discovery-0.2.jar"/>
            <zipfileset src="${lib.core}/jakarta-oro.jar"/>
            <zipfileset src="${lib.core}/log4j-1.2.8.jar"/>

            <!-- JOSSO Resources -->
            <fileset dir="${resources}" includes="log4j.properties"/>

        </jar>

        <exec dir="${build}/plugins" executable="packager.exe">
            <arg line="-clsid {FA564C44-6AE6-4610-9C50-C5B2D37AD9BB} ${name}-activex-${version}.jar org.josso.activex.JOSSOActiveX"/>
        </exec>

    </target>

    <target name="install-activex" depends="init,check-jre" description="Installs the JOSSOActiveX in the system">
        <echo>======================================================================
                     Installing JOSSO ActiveX
======================================================================
 Information:
   - JRE_HOME ... [${env.JRE_HOME}]
======================================================================
        </echo>
        <mkdir dir="${env.JRE_HOME}/axbridge/bin"/>
        <copy file="${plugins}/microsoft/dist/JOSSOActiveX.dll" todir="${env.JRE_HOME}/axbridge/bin/"/>
        <exec dir="${env.JRE_HOME}/axbridge/bin" executable="regsvr32.exe">
            <arg line="/s JOSSOActiveX.dll"/>
        </exec>
    </target>

</project>