<?xml version="1.0"?>
<!--
  ~   Copyright (c) 2004-2006, Novascope S.A. and the JOSSO team
  ~    All rights reserved.
  ~    Redistribution and use in source and binary forms, with or
  ~    without modification, are permitted provided that the following
  ~    conditions are met:
  ~
  ~    * Redistributions of source code must retain the above copyright
  ~      notice, this list of conditions and the following disclaimer.
  ~
  ~    * Redistributions in binary form must reproduce the above copyright
  ~      notice, this list of conditions and the following disclaimer in
  ~      the documentation and/or other materials provided with the
  ~      distribution.
  ~
  ~    * Neither the name of the JOSSO team nor the names of its
  ~      contributors may be used to endorse or promote products derived
  ~      from this software without specific prior written permission.
  ~
  ~    THIS SOFTWARE IS PROVIDED BY THE COPYRIGHT HOLDERS AND
  ~    CONTRIBUTORS "AS IS" AND ANY EXPRESS OR IMPLIED WARRANTIES,
  ~    INCLUDING, BUT NOT LIMITED TO, THE IMPLIED WARRANTIES OF
  ~    MERCHANTABILITY AND FITNESS FOR A PARTICULAR PURPOSE ARE
  ~    DISCLAIMED. IN NO EVENT SHALL THE COPYRIGHT OWNER OR CONTRIBUTORS
  ~    BE LIABLE FOR ANY DIRECT, INDIRECT, INCIDENTAL, SPECIAL,
  ~    EXEMPLARY, OR CONSEQUENTIAL DAMAGES (INCLUDING, BUT NOT LIMITED
  ~    TO, PROCUREMENT OF SUBSTITUTE GOODS OR SERVICES; LOSS OF USE,
  ~    DATA, OR PROFITS; OR BUSINESS INTERRUPTION) HOWEVER CAUSED AND ON
  ~    ANY THEORY OF LIABILITY, WHETHER IN CONTRACT, STRICT LIABILITY,
  ~    OR TORT (INCLUDING NEGLIGENCE OR OTHERWISE) ARISING IN ANY WAY
  ~    OUT OF THE USE OF THIS SOFTWARE, EVEN IF ADVISED OF THE
  ~    POSSIBILITY OF SUCH DAMAGE.
  -->
<project name="tomcat50">

    <description>
        Tomcat 5.0.x targets
    </description>


    <target name="check-tomcat50">
        <property environment="env"/>
        <fail unless="env.CATALINA_HOME">Tomcat not found</fail>
    </target>

    <!-- Install libs in Catalina -->
    <target name="install-tomcat50" depends="check-tomcat50,prepare" description="Installs JOSSO in Tomcat 5.0.x">
        <!-- copy those files that need to be in the Catalina classpath -->
        <echo>======================================================================
             Installing JOSSO required libs for Tomcat 5.0.x
======================================================================
   Information:
     - CATALINA_HOME ... [${env.CATALINA_HOME}]
======================================================================
        </echo>

        <copy file="${lib.core}/commons-lang-2.0.jar" todir="${env.CATALINA_HOME}/server/lib" overwrite="true" />
        <copy file="${lib.core}/commons-configuration-1.1.jar" todir="${env.CATALINA_HOME}/server/lib" overwrite="true" />
        <copy file="${lib.core}/saaj.jar" todir="${env.CATALINA_HOME}/server/lib" overwrite="true" />
        <copy file="${lib.core}/commons-discovery-0.2.jar" todir="${env.CATALINA_HOME}/server/lib" overwrite="true" />
        <copy file="${lib.core}/jaxrpc.jar" todir="${env.CATALINA_HOME}/server/lib" overwrite="true" />
        <copy file="${lib.core}/wsdl4j-1.5.1.jar" todir="${env.CATALINA_HOME}/server/lib" overwrite="true" />
        <copy file="${lib.core}/axis.jar" todir="${env.CATALINA_HOME}/server/lib" overwrite="true" />
        <copy file="${lib.core}/commons-httpclient-3.0-rc2.jar" todir="${env.CATALINA_HOME}/server/lib" overwrite="true" />
        <copy file="${lib.core}/commons-codec-1.2.jar" todir="${env.CATALINA_HOME}/server/lib" overwrite="true" />
        <copy file="${lib.core}/commons-collections-3.1.jar" todir="${env.CATALINA_HOME}/common/endorsed" overwrite="true" />
        <copy file="${lib.core}/xmldb-common-20030701.jar" todir="${env.CATALINA_HOME}/server/lib" overwrite="true" />
        <copy file="${lib.core}/xmldb-xupdate-20040205.jar" todir="${env.CATALINA_HOME}/server/lib" overwrite="true" />

        <echo message="Installation done."/>
    </target>

    <target name="deploy-tomcat50" depends="check-tomcat50,war" description="Deploys JOSSO on Tomcat 5.0.x">

        <echo>======================================================================
                     Deploying JOSSO in Tomcat 5.0.x
======================================================================
 Information:
   - CATALINA_HOME ... [${env.CATALINA_HOME}]
======================================================================
        </echo>

        <!-- clear any previous josso files (of any version) -->
        <delete>
            <fileset dir="${env.CATALINA_HOME}/server/lib" includes="${name}-*.jar"/>
            <fileset dir="${env.CATALINA_HOME}/common/lib/" includes="${name}-common-*.jar"/>
        </delete>

        <copy file="${build.war}" todir="${env.CATALINA_HOME}/webapps" overwrite="true" />
        <copy file="${build}/${name}-${version}.jar" tofile="${env.CATALINA_HOME}/server/lib/${name}-${version}.jar" overwrite="true" />
        <copy file="${build}/${name}-common-${version}.jar" tofile="${env.CATALINA_HOME}/common/lib/${name}-common-${version}.jar" overwrite="true" />
        <!-- JOSSO Tomcat 5.0 plugin -->
        <copy file="${build}/plugins/${name}-tomcat50-plugin-${version}.jar" tofile="${env.CATALINA_HOME}/server/lib/${name}-tomcat50-plugin-${version}.jar" overwrite="true" />
    </target>

    <target name="deploy-samples-tomcat50" depends="check-tomcat50,war-samples" description="Deploys sample parter application on Tomcat">
        <copy file="${build.samples.war}" todir="${env.CATALINA_HOME}/webapps" overwrite="true" />
    </target>



</project>