<?xml version="1.0" encoding="ISO-8859-1" ?>
<!--
  ~   Copyright (c) 2004-2006, Novascope S.A. and the JOSSO team
  ~    All rights reserved.
  ~    Redistribution and use in source and binary forms, with or
  ~    without modification, are permitted provided that the following
  ~    conditions are met:
  ~
  ~    * Redistributions of source code must retain the above copyright
  ~      notice, this list of conditions and the following disclaimer.
  ~
  ~    * Redistributions in binary form must reproduce the above copyright
  ~      notice, this list of conditions and the following disclaimer in
  ~      the documentation and/or other materials provided with the
  ~      distribution.
  ~
  ~    * Neither the name of the JOSSO team nor the names of its
  ~      contributors may be used to endorse or promote products derived
  ~      from this software without specific prior written permission.
  ~
  ~    THIS SOFTWARE IS PROVIDED BY THE COPYRIGHT HOLDERS AND
  ~    CONTRIBUTORS "AS IS" AND ANY EXPRESS OR IMPLIED WARRANTIES,
  ~    INCLUDING, BUT NOT LIMITED TO, THE IMPLIED WARRANTIES OF
  ~    MERCHANTABILITY AND FITNESS FOR A PARTICULAR PURPOSE ARE
  ~    DISCLAIMED. IN NO EVENT SHALL THE COPYRIGHT OWNER OR CONTRIBUTORS
  ~    BE LIABLE FOR ANY DIRECT, INDIRECT, INCIDENTAL, SPECIAL,
  ~    EXEMPLARY, OR CONSEQUENTIAL DAMAGES (INCLUDING, BUT NOT LIMITED
  ~    TO, PROCUREMENT OF SUBSTITUTE GOODS OR SERVICES; LOSS OF USE,
  ~    DATA, OR PROFITS; OR BUSINESS INTERRUPTION) HOWEVER CAUSED AND ON
  ~    ANY THEORY OF LIABILITY, WHETHER IN CONTRACT, STRICT LIABILITY,
  ~    OR TORT (INCLUDING NEGLIGENCE OR OTHERWISE) ARISING IN ANY WAY
  ~    OUT OF THE USE OF THIS SOFTWARE, EVEN IF ADVISED OF THE
  ~    POSSIBILITY OF SUCH DAMAGE.
  -->

<!--
IdentityMemoryStore user definitions.
-->
<josso-users>
    <users>
        <user>
            <name>user1</name>
            <!-- Optionally, define some properties for this user -->
            <properties>
                <property>
                    <name>user.name</name>
                    <value>User 1 Name</value>
                </property>
                <property>
                    <name>user.lastName</name>
                    <value>User 1 Last Name</value>
                </property>
                <property>
                    <name>user.registrationDate</name>
                    <value>2004/09/11</value>
                </property>
            </properties>
            <!-- Optional comma sepparated set of roles, must be defined below -->
            <roles>role1 , role2</roles>
        </user>
        <user>
            <name>user2</name>
            <!-- Optionally, define some properties for this user -->
            <properties>
                <property>
                    <name>user.name</name>
                    <value>User 2 Name</value>
                </property>
                <property>
                    <name>user.lastName</name>
                    <value>User 2 Last Name</value>
                </property>
                <property>
                    <name>user.registrationDate</name>
                    <value>2004/09/10</value>
                </property>
            </properties>
            <!-- Optional comma sepparated set of roles, must be defined below -->
            <roles>role2</roles>
        </user>
        <user>
            <name>user3</name>
            <!-- Optionally, define some properties for this user -->
            <properties>
                <property>
                    <name>user.name</name>
                    <value>User 3 Name</value>
                </property>
                <property>
                    <name>user.lastName</name>
                    <value>User 3 Last Name</value>
                </property>
                <property>
                    <name>user.registrationDate</name>
                    <value>2005/01/1</value>
                </property>
            </properties>
            <!-- Optional comma sepparated set of roles, must be defined below -->
            <roles>role1</roles>
        </user>
    </users>
    <!-- Roles definitions -->
    <roles>
        <role>
            <name>role1</name>
        </role>
        <role>
            <name>role2</name>
        </role>

    </roles>
</josso-users>
