<?xml version="1.0"?>
<!--
  ~   Copyright (c) 2004-2006, Novascope S.A. and the JOSSO team
  ~    All rights reserved.
  ~    Redistribution and use in source and binary forms, with or
  ~    without modification, are permitted provided that the following
  ~    conditions are met:
  ~
  ~    * Redistributions of source code must retain the above copyright
  ~      notice, this list of conditions and the following disclaimer.
  ~
  ~    * Redistributions in binary form must reproduce the above copyright
  ~      notice, this list of conditions and the following disclaimer in
  ~      the documentation and/or other materials provided with the
  ~      distribution.
  ~
  ~    * Neither the name of the JOSSO team nor the names of its
  ~      contributors may be used to endorse or promote products derived
  ~      from this software without specific prior written permission.
  ~
  ~    THIS SOFTWARE IS PROVIDED BY THE COPYRIGHT HOLDERS AND
  ~    CONTRIBUTORS "AS IS" AND ANY EXPRESS OR IMPLIED WARRANTIES,
  ~    INCLUDING, BUT NOT LIMITED TO, THE IMPLIED WARRANTIES OF
  ~    MERCHANTABILITY AND FITNESS FOR A PARTICULAR PURPOSE ARE
  ~    DISCLAIMED. IN NO EVENT SHALL THE COPYRIGHT OWNER OR CONTRIBUTORS
  ~    BE LIABLE FOR ANY DIRECT, INDIRECT, INCIDENTAL, SPECIAL,
  ~    EXEMPLARY, OR CONSEQUENTIAL DAMAGES (INCLUDING, BUT NOT LIMITED
  ~    TO, PROCUREMENT OF SUBSTITUTE GOODS OR SERVICES; LOSS OF USE,
  ~    DATA, OR PROFITS; OR BUSINESS INTERRUPTION) HOWEVER CAUSED AND ON
  ~    ANY THEORY OF LIABILITY, WHETHER IN CONTRACT, STRICT LIABILITY,
  ~    OR TORT (INCLUDING NEGLIGENCE OR OTHERWISE) ARISING IN ANY WAY
  ~    OUT OF THE USE OF THIS SOFTWARE, EVEN IF ADVISED OF THE
  ~    POSSIBILITY OF SUCH DAMAGE.
  -->

<mbeans-descriptors>

    <mbean name="BasicAuthentication"
        className="org.josso.util.mbeans.JOSSOBaseMBean"
        description="Basic authentication scheme, supporting username and password credentials."
        domain="josso"
        group="AuthenticationScheme"
        type="org.josso.auth.scheme.UsernamePasswordAuthScheme">

        <attribute name="className"
            description="Fully qualified class name of the managed object"
            type="java.lang.String"
            writeable="false"/>

        <attribute name="hashAlgorithm"
            description="The message digest algorithm to be used when hashing passwords."
            type="java.lang.String"
            writeable="true"/>

        <attribute name="hashEncoding"
            description="Supported values are HEX, BASE64. Mandatory if hashAlgorithm was specified."
            type="java.lang.String"
            writeable="true"/>

        <attribute name="hashCharset"
            description="Character set used when hashing passwords."
            type="java.lang.String"
            writeable="true"/>

        <attribute name="saltLength"
            description="Some hash algorithms, like CRYPT, use this property.  The default value is 2."
            type="int"
            writeable="true"/>

        <attribute name="ignorePasswordCase"
            description="Ignore password case."
            type="boolean"
            writeable="true"/>

        <attribute name="ignoreUserCase"
            description="Ignore user login name case."
            type="boolean"
            writeable="true"/>


    </mbean>

    <mbean name="StrongAuthentication"
        className="org.josso.util.mbeans.JOSSOBaseMBean"
        description="Strong authentication scheme, supports X.509 certificates as credentials."
        domain="josso"
        group="AuthenticationScheme"
        type="org.josso.auth.scheme.X509CertificateAuthScheme">

        <attribute name="className"
            description="Fully qualified class name of the managed object"
            type="java.lang.String"
            writeable="false"/>


    </mbean>

    <mbean name="BindAuthentication"
        className="org.josso.util.mbeans.JOSSOBaseMBean"
        description="Basic authentication scheme, using store bind as authentication method."
        domain="josso"
        group="AuthenticationScheme"
        type="org.josso.auth.scheme.BindUsernamePasswordAuthScheme">

        <attribute name="className"
            description="Fully qualified class name of the managed object"
            type="java.lang.String"
            writeable="false"/>
        
        <attribute name="hashAlgorithm"
            description="The message digest algorithm to be used when hashing passwords."
            type="java.lang.String"
            writeable="true"/>

        <attribute name="hashEncoding"
            description="Supported values are HEX, BASE64. Mandatory if hashAlgorithm was specified."
            type="java.lang.String"
            writeable="true"/>

        <attribute name="hashCharset"
            description="Character set used when hashing passwords."
            type="java.lang.String"
            writeable="true"/>

        <attribute name="saltLength"
            description="Some hash algorithms, like CRYPT, use this property.  The default value is 2."
            type="int"
            writeable="true"/>

        <attribute name="ignorePasswordCase"
            description="Ignore password case."
            type="boolean"
            writeable="true"/>

        <attribute name="ignoreUserCase"
            description="Ignore user login name case."
            type="boolean"
            writeable="true"/>


    </mbean>


</mbeans-descriptors>

